2.2,1,1.4,2.3,2.2,1.8,1.5,2.5,1.2,2.2,1.1,1.8,1,1.4,1.8,1.4,2.4,1.1,1.5,1.3,1.8,1.9,2.2,1.1,2,1.4,1.7,2.6,2.8,1.1,Organizational Process Analyst
2.1,2.2,1.4,2.6,1.9,1.4,1.3,1.8,1.2,1.3,1.4,1.3,1.6,1.7,1.3,1.5,1.9,1.8,2.9,1.3,1.4,1.7,2.3,1.5,2,1.9,1.4,2.1,2,1,Organizational Process Analyst
2.7,1.2,1.2,2.4,1.6,1.4,1.9,2.2,1.7,1.2,1.4,1,2,1.7,1.4,1.6,1.5,2.3,1.9,1.8,1.3,1.4,2.3,1.2,1.4,1.8,1.1,2.9,1.7,1.4,Organizational Process Analyst
2.3,1.2,1.5,2.1,1.7,2,1.3,2.2,1.7,1.2,2,1.2,1,1.1,1.9,2,1,1.6,2.5,2.2,1.5,1.5,2.1,1,2.7,1.1,1.9,1.9,2.3,1.6,Organizational Process Analyst
2.1,2,1.1,2.1,1,1.1,2,1.2,1.8,1.3,1.9,1.4,1.1,1.6,1.7,1.1,1.7,1.2,1.7,1.5,1.9,1.1,1.5,2.2,1.6,1.8,1.2,2,1.1,1.4,Organizational Process Analyst
1.3,1.9,1.4,2.7,1.2,1.9,1.5,2,2,1,1.6,1.4,1.3,1.7,1.4,1,1.5,1.5,2.2,1.2,1.8,1.5,1.9,2.4,1.6,1.6,1.5,2.2,2,1.6,Organizational Process Analyst
1.8,1,1.7,1.3,1.1,1.2,2.5,1,2.1,1,1.2,1.6,1.6,1.7,1.5,1.2,1.6,1.4,1.3,1.8,1.2,1.6,2.9,2.4,1.4,1.4,1.4,2.5,1.6,1.8,Organizational Process Analyst
2.8,1.2,1.6,1.9,2,1.2,2,1.1,1.7,1.7,1.1,1.3,1.3,1.5,1.2,1.8,1.5,1.3,2.8,1,1.8,1.8,2.8,1.5,1.7,1.9,1.9,1.8,1.8,1.5,Organizational Process Analyst
1.7,1.7,1.7,1.3,2.1,1.2,2.1,1.5,1.6,1.8,1.6,1.4,2.3,1.6,1.4,1.1,1.1,1.2,1.2,1.9,2,1.4,2.2,1.7,1,1.8,1.7,2.9,2.1,1.7,Organizational Process Analyst
2.9,2.1,1.3,1.7,1.2,1.5,1.6,1.2,1,2,1.2,1,2.3,1.2,1.8,2,2,1.5,2.9,1.9,1.9,1.2,2.5,1.2,1.2,1.9,1.5,2.8,2.4,1.2,Organizational Process Analyst
1.5,1.1,1.5,2.7,1.1,1.3,2.2,2.8,1.7,1.9,1.5,1.6,2.2,1.7,1.4,1.4,2.1,1.3,2.7,2.3,1.6,1.6,2.4,1.5,1.1,1.3,1.1,2.7,2.2,1,Organizational Process Analyst
2.8,1,1.7,2.9,2,1.5,2,1.6,1.8,1.2,1.5,1.5,1.9,1.4,1.9,1.1,1.5,1.5,2,1.8,1.4,1.1,1.2,2,1.4,2,1.1,2.8,2.1,1.6,Organizational Process Analyst
2,1.6,1.9,2.4,1.9,1.7,1.5,2.8,1.5,2.2,1.5,2,1.5,1.8,1.5,1.5,2.3,2,2.4,2,1.8,1.7,1.9,2.7,1.8,1.7,1.7,1.4,1,1.5,Organizational Process Analyst
2.4,1.3,1.8,1.7,1.6,1,2,2.8,1.7,1.1,1.5,2,2.5,1.3,1,1.6,2.2,1.8,2.8,2,1.9,1.6,2.3,1.9,1.9,1.6,1.1,2.7,2,1.3,Organizational Process Analyst
1.4,2.1,1,2.5,2.2,1.5,1.4,1.1,2.1,1.2,1.2,1.6,1.1,1.8,1.8,1.8,1.5,1.6,2.1,2.3,1.9,1.6,2.6,2.9,2.8,1.4,1,2.5,2.6,1.5,Organizational Process Analyst
1.1,1.6,1.2,2.6,2,2,2.1,1.9,2,1,1.6,1.8,2.3,1.2,1.6,1.7,2.9,1.4,1.1,2.1,1,1.6,2.2,2.2,1.9,1.7,1.6,1.9,1.3,1.9,Organizational Process Analyst
1.9,1.2,1.2,1.2,2.1,1,2,1.3,1.9,1.4,1,1.8,1.2,1,1.9,1.7,1.2,1.5,2.9,1.8,1.6,1.2,1.3,1.3,2,1.5,1.6,1.1,2.2,1.1,Organizational Process Analyst
2.2,2.3,1.4,2.5,1.9,1.2,1.5,2.5,1,2.3,1.6,1.6,1.5,1.8,1.6,1.8,1.8,1.8,2.7,1.2,1.6,1.6,1.4,1.7,2.2,1.1,1.2,2,1.5,1.7,Organizational Process Analyst
2.8,1.2,1.9,2.6,1.6,1.6,1.4,1.2,2.2,1.5,1.3,1.2,1.9,1.1,1.6,1.3,2,1.4,2.3,1.4,1.2,1.4,1.4,1.4,2.5,1.5,2,2.5,1.1,1.6,Organizational Process Analyst
1.2,1.1,1.4,2,1.1,1.8,1.8,1.1,2.2,2,1,1.4,1.7,2,1.5,1.3,1.5,1.9,1.7,1,1.4,1.3,2.1,1.5,2.7,2,1.7,1.8,1.9,2,Organizational Process Analyst
2,1.1,1.1,2.5,2.5,2.2,2.1,1.7,2.1,1.3,1.9,1.8,2.4,1.4,1.2,1.3,1.8,1.2,2.8,2.3,1.9,1.3,1.8,1.4,1.3,1.6,1.2,2.8,1.5,1.2,Organizational Process Analyst
2.6,1,1.7,1.9,2.2,1.6,2.4,1.6,2.2,1.2,1.8,1.4,2.3,1.6,1,1,1.6,1.3,2.1,1.8,2,1.2,2.1,2,2.1,1.5,2,1.5,1.8,1.3,Organizational Process Analyst
1.3,1.1,1.1,1.7,2.4,1.8,1.5,1.6,1.9,1.4,1.4,1.3,1.3,1.7,1.3,1.2,1.7,2,1.7,2.3,1.2,1.8,2.3,2.1,1.2,1.8,1.5,1.6,1.7,1.9,Organizational Process Analyst
2.5,2,1.5,1.1,2.4,2.1,1.5,1,1.6,2.2,1.8,1.5,2.1,1,1.7,1.8,2.3,1.6,1.2,1.4,1,1.4,2.7,2.8,2.1,1.6,1.3,1.8,1.2,1.2,Organizational Process Analyst
2.6,2.5,1.1,1.8,2,1.7,1.6,1.5,1.4,1,1.5,1.4,1.8,1.6,1.6,1.2,1.4,2.2,2.5,1.6,2,1.9,1.7,2.1,1.8,1.5,1,2.4,2.2,1.1,Organizational Process Analyst
1,1.6,1.8,1.8,1.6,1.7,1.7,2.1,1.3,2.2,1.3,1.4,1.9,1.6,1,1.8,2.5,1,2.4,1.4,1.2,1,2.8,1.3,2.6,1.3,1.9,2.9,2.4,1.8,Organizational Process Analyst
2.6,2,1.9,2.8,1.8,1.8,2.2,2.7,1.9,1.5,1.3,1.1,1.1,1.8,1,1.7,2.5,1.7,1.3,2.3,1.1,2,2.6,1.3,1.7,1.5,1.7,1.6,2.8,1.6,Organizational Process Analyst
1.2,1.4,1.7,2.8,1.3,2.4,1.3,1.4,1.4,1.2,1.7,1.6,1.3,1.2,1.7,1.5,2.3,1.2,1.5,1.6,1.2,1.8,2.1,1.7,2.2,1.5,1.7,1.8,2.9,2,Organizational Process Analyst
1.5,1,1.8,2.9,1.5,1.5,2.1,2.7,1.1,1.2,1.3,1.5,1.8,1.2,1.1,1.1,1.9,1.2,2.4,1.2,1.7,1.8,1.7,2.5,2.5,1.3,1.8,1.2,1.5,1.2,Organizational Process Analyst
1.4,1.2,1.2,1.1,2.4,2.3,1.3,2.2,2.2,1.5,1.3,1.7,1.2,1.3,1.3,1.1,2.5,1.5,2,1.9,1.6,1.4,2.3,1.4,1.3,1.3,1.4,2,2.1,1.8,Organizational Process Analyst
2.7,2.2,1.2,2.9,1.5,1.2,1.7,1.7,2.2,2.3,1,1.7,1.1,1.3,1.9,1.9,2.7,1,1.3,1.2,1.4,1.3,1.6,2.3,1,1.8,1.6,1.3,2,2,Organizational Process Analyst
2.4,2.7,1.3,1.9,1.5,2.1,2.8,1.8,2,2.1,1.9,1.4,1.5,1.1,1.6,1.4,1,1.9,1.7,1.4,1.5,1.4,2.5,1.4,1.6,1.6,1.3,2.1,2.6,1.2,Organizational Process Analyst
1.5,2,2.3,1.9,1.4,1.3,2.4,1.8,1.2,1.2,1.4,1.4,1.3,1.2,1.9,2,1.3,1.8,1.7,1.2,1.5,1.7,2.8,2.7,2.1,1.5,2,1.4,1.2,1.8,Organizational Process Analyst
2.4,1.3,1.9,2.9,2.8,2.2,1.2,2.2,1.1,1.3,1.5,1.3,1,1.9,1.6,1.1,1.5,1.9,1.8,1.6,1.2,2,1.4,2.8,1.5,1.5,1.5,2.2,1.1,1.6,Organizational Process Analyst
2.6,1.4,1.5,1.5,2.5,1.4,1.7,2.3,2.6,1.9,1.5,1,1.4,1.9,1.4,1.2,1,1.3,1.9,1.9,1.3,1.2,1.3,2.1,2.7,1.1,1.2,2.7,2.6,1.6,Organizational Process Analyst
1,2.6,2.2,2.1,2.6,1.1,2.7,1.4,2.7,1.8,1.2,1,1.6,1.6,1.2,1.6,1.7,1.1,1.5,1.2,1.5,1.9,2.5,2.2,1.6,1.8,1.9,2.5,2.7,1.1,Organizational Process Analyst
2.4,1.5,1.9,1.5,2.8,2.2,1.8,2.3,2.1,2.1,1.5,1.6,1.1,1.9,1.6,1.2,1.1,1.8,1.3,1.8,1.1,1.4,1.3,1.9,2.3,1.6,1.5,2.4,2.1,1.7,Organizational Process Analyst
1.8,1.6,1.7,1.5,2.1,2,1.3,1.6,2.3,1.3,1.5,1,2,1.2,1.9,1.8,1.2,1.5,1.8,1,1.5,1.1,2.4,1.4,2.2,1.2,1.4,2.1,2.3,1.6,Organizational Process Analyst
1.8,2,1.9,2,2.7,2.5,2.1,1.7,2.7,1.6,1.7,1.5,1,2,1.2,2,1.9,1.7,1.9,1.3,1.6,1.5,1.4,2.3,1.6,1.1,1.1,2.3,2.7,1,Organizational Process Analyst
1.6,2.3,1.3,1.2,1.9,1.5,2,1.9,1.5,2.3,1.7,1.6,1.4,1.3,1.8,1.6,1.9,2,1.3,1.5,1.3,1.7,2.2,2.1,1.7,1.5,1.8,1.8,1.5,1.2,Organizational Process Analyst
1.1,1.1,1.4,2.2,1.5,1,2.2,1.5,2,1.5,2.5,1.3,1.4,1.2,1.3,1.4,1.1,1.8,1.5,1.4,1.8,1.3,2.1,1.3,1.9,2,1.8,1.4,1.5,1.5,Data Analyst
2.4,1.2,1,1.7,2.1,1.8,1,1.2,2.5,2.5,1.1,1.6,1.1,1.5,1.6,2.1,1.9,1.9,2.7,1.1,1.7,2.1,1.5,2.8,1.4,2.5,2.8,1.5,1.7,2.3,Data Analyst
1.5,1.7,1.5,2.8,2.6,1.8,2.5,1.5,2.2,1.4,1.8,1.6,1.8,2.2,1.4,1.2,1.9,1.3,2.8,1.6,1.4,1,1.7,2,1.4,1.1,1.7,1.2,1.3,1.9,Data Analyst
2.5,1.5,1.1,1.6,2.8,1.6,1.2,1.1,1.3,2.5,1.8,1.3,1.5,1.6,1.6,2.4,1.5,1,2,1.2,1.2,1.7,1.4,2.9,1.6,2.5,1.7,1.1,1.5,2.7,Data Analyst
2,1.1,1.5,1.3,2.8,1,1.8,1.9,1.9,2.3,2,1.4,2,1.4,1.7,2.3,1.5,1.2,2.4,1.4,1.2,1.6,1.9,2.3,1.4,1.5,2.1,1.5,1.6,2.5,Data Analyst
2.1,1.3,1.6,3,2,1.9,2.4,1.1,1.2,1.9,2.2,1.5,1.7,1.5,1.6,1.9,1,1.3,2.7,1.6,2,2.2,2.1,2.1,1.8,2.1,2.7,1.9,1.3,2.1,Data Analyst
2.3,1.2,1.3,2.1,1.4,1.2,1.5,1.6,2.3,2.2,1.1,1.3,1.1,1.5,1.2,2.4,1.3,1.5,2.5,1.4,1.8,1.3,2.6,2.5,1.5,1.5,1.5,1.8,1.2,1.1,Data Analyst
2.9,1.5,1.1,2,2.5,1.6,1,1.8,2.6,2.3,1.8,1.4,1.4,1.9,1.2,2,1.9,1.1,2.5,1.8,2,2.6,2.1,1.7,2,1.7,2.5,1.4,1,2.3,Data Analyst
2.3,1.2,1.3,1.8,2.5,1.6,1.9,1.6,2.7,1.4,1.9,1.8,1.4,1.7,1.5,2.5,1.2,1.7,2,1.4,1.1,2.4,2.5,1.6,1.7,1.9,1.6,2.9,1.6,2.2,Data Analyst
1.4,1.7,1.1,2.7,2.7,2,1.4,1.1,1,2.6,1.5,1.6,2.1,2.1,1.4,2.2,1.4,1.2,1.6,1.8,1.6,2.3,2.2,2.6,1.2,2.1,1,2.5,1.2,1.8,Data Analyst
2.6,1.3,1.6,1.8,1.5,1.5,2.5,1.6,2.4,1.6,1.7,1.1,1.7,1.8,1.3,1.1,1.6,1.1,1.6,1.5,1.1,1.8,1.6,1.2,1.8,1.6,2.7,1.1,1.2,1.8,Data Analyst
2.9,1.6,1.6,2.5,2.2,1.4,1,1.1,2,2.1,1.2,1.2,1.5,2.2,1.2,1.6,1.9,1.6,2.9,1.3,1.9,2.7,1.5,2.6,1.3,2.1,2.4,1.1,1.1,2.3,Data Analyst
2.2,1.1,1.3,2,2.3,1.9,2,1.7,1.4,1.4,1.4,1.2,1.8,1.5,1.2,1.6,1,1.4,1.6,1.6,1.8,2.5,2.9,2.2,1.3,1.9,1.5,2.2,1,2.3,Data Analyst
2.7,1.2,1.1,1.9,1,1.2,1.2,1.8,1.8,1.9,2.3,1,1.9,1.8,1.1,1.4,1.4,1.9,1.7,1.6,1.1,1.8,2.6,2.4,1.4,2,2.6,1.9,1.6,2.6,Data Analyst
2.4,1.1,1.5,2.3,1.9,1.8,2.5,1,2.8,1.1,1.7,1.5,1.5,1.4,1.5,1.2,2,1.8,2.9,1.8,1.8,1.6,2.2,2.6,1.3,1.9,1.1,1.1,1.1,2.5,Data Analyst
2.1,1.4,1.4,2.6,1.9,1,2.1,1.7,2.4,1.7,2.3,1.9,1.9,2,1.6,2,1.3,1.3,1.7,1.9,1.7,1,2.2,1.1,1.5,2.2,2.4,1.3,1.2,1.4,Data Analyst
2.1,1.1,1.4,2.6,1.7,1.6,1.4,1.1,2.6,2.2,1.8,1.3,2,2.2,1.2,1.7,1.1,1.6,1.6,1.5,2,2.2,1.3,1.9,1.5,2.6,1.4,2.2,1.6,1.6,Data Analyst
1.1,1.6,1.3,2.3,1.6,1.6,1.5,1.4,2.5,2,1.9,1.1,2.1,1.6,1.6,1.3,1.5,1.5,2.8,1.6,1.3,2.3,1.3,2.1,1.4,1.5,1.6,1.2,1.8,1,Data Analyst
2.6,1.1,1.4,2,2,1.4,2.7,1.2,1.3,2.4,2.1,1.6,1.9,1.9,1,1.3,1.5,1.5,1.4,1.8,1.6,2.2,2.5,2,1.1,2.9,2.4,2.7,1.8,1.1,Data Analyst
2.5,1.4,1.5,2,1.4,1.7,1.9,1.7,1.3,1.2,1.9,1.7,1.6,1.2,1.3,1.9,1,1.2,2,1.5,1.1,1.3,2.2,1.9,1.3,1.3,1.2,2,1.4,2.5,Data Analyst
1.2,1.3,1,2.2,1.9,1.4,2.7,1.7,2.7,1.6,1.7,1,1.2,1.7,1.7,1.8,1.1,1,2,1.4,1.7,1.6,2.2,2.4,1,1.2,1.5,1.2,1,2.6,Data Analyst
2.8,1.3,1.1,1.3,1.7,1.4,2,1.6,2.7,1.3,2.1,1.9,1.2,1.1,1.4,2.1,1.7,1.3,2,1.3,1.9,2,1.5,1.2,2,1.1,1.1,2.2,1.2,2.7,Data Analyst
1.4,1.8,1.2,2.9,1.9,1.7,1.7,1.1,1.9,1.8,1.2,1.1,1.5,1.5,1.3,1,1.4,1.4,2.7,2,1.9,2.9,1.3,2.4,1.4,1.8,2.7,1.3,2,2,Data Analyst
1.5,1.6,1,2.6,1,1.2,2.1,1.8,1.2,2.1,1.7,1.7,1.4,1.3,1.6,1.4,1.2,1,2.4,1.4,1.9,1.9,2.7,1.9,1.3,1.5,2.9,2.8,1.4,1.3,Data Analyst
2.8,1.5,1.4,1.2,1.5,1.4,2.3,2,1.2,2.1,1.6,1.6,1.5,1.7,1.6,1.8,1.9,1.3,1.5,1.8,1.2,2.5,2.2,1.9,1.9,2.6,2,2.8,1.4,1,Data Analyst
2.5,1.6,1.3,1.3,2.8,1.1,1.8,1.8,1.6,1.5,1.7,1,1.2,2,1.5,1.8,1.9,1.7,2.1,1.9,1.7,1.8,1.8,2.2,1.5,1.6,2,1.6,1.6,2,Data Analyst
1.7,1.4,1.2,2.5,1.3,1.6,2.1,1.4,1.1,2.4,2.1,1.3,2.1,1,1.1,1.8,1.5,1.9,1.5,1.9,1.6,1.8,2.5,1.8,1.2,1.3,2.8,1.4,2,1.8,Data Analyst
2.6,1.9,1.2,2.8,2.7,1.8,1.7,1.3,1.3,1.5,1.7,1.8,1.4,1,1.4,1.7,1.7,1.2,2.8,1.5,1.6,2.8,2.4,1.3,2,1.2,2.4,1.3,1.8,1.7,Data Analyst
2.9,1.2,1.1,2,1.6,1.3,2.1,1.9,2.9,2.7,2.4,1.2,1.7,1.1,1.2,2,1.4,1.5,2,1.9,1.9,2.8,1.5,1.7,1.5,2.2,1.8,1.1,1.8,1.4,Data Analyst
2.2,1.5,1.2,2.9,1.8,1,1.6,1.4,1.8,2.2,1.5,1.6,2,1.1,1.5,1,1.1,1.6,1.2,1.9,1.3,1.6,2.2,1.7,1.6,2.3,2.4,2.7,1.1,2.2,Data Analyst
1.9,1,1,1,2.1,1.6,1.4,1.6,2.3,1.7,2.4,1.1,2,1.4,1.3,1.2,1.2,1.3,1.3,1.9,1.4,2.8,1.9,2.1,2,2.5,1.8,1,1.1,1.3,Data Analyst
1.5,1.6,1.4,2.3,1.5,1.2,2.5,1.5,1.9,2.3,2.3,1.7,2.1,2.2,1,2.5,1.1,1.1,2.7,1.6,1.8,2.5,1.4,2.2,1.2,2.1,2.2,2.4,1,1.2,Data Analyst
2.9,1.1,1.5,1.8,1.6,1.9,2.5,1.8,1.9,1.1,1.4,1,1.2,2.1,1.5,1.9,1.1,1.2,2.6,1.1,1.7,2.4,1.9,1.5,1.3,1.7,2.6,1.1,1.4,1.9,Data Analyst
1.7,1,1.3,1.8,2.1,1.6,1.5,1.5,2.8,1.5,2,2,2,1.9,1.7,1.7,1.1,1.7,2.7,1.3,1.8,1.5,2.3,1.6,1.6,2,1.2,1.9,1.5,2.9,Data Analyst
2.2,1.3,1.6,1.8,1.9,1.4,2,1.2,1.8,1.5,2.1,1.9,1.8,2.7,1.4,2.5,1.9,1.2,1.1,1.2,1.4,2.3,2.7,2.6,1.1,1.6,1.9,1.6,1.2,1.4,Data Analyst
2.8,1.7,1.7,2.1,2.1,1.9,1.3,1.2,2.9,1.7,1.2,1.2,1.9,1.1,1.8,2.4,1.1,1.2,2.5,1.6,1.5,2,2.6,1.7,1.2,1.8,1.3,2.5,1.8,2.8,Data Analyst
1.6,1.2,2.2,2.7,2.1,1.4,1,1.6,1.5,2,2.6,1.3,1.8,1.3,2.1,1.3,1.3,1.3,2.6,1.9,1.8,2.1,2,1.5,2,2,2,2.8,1.3,1,Data Analyst
2.3,1.6,2.5,1.3,1.7,1.8,2,1.8,1.2,2.6,1.6,1.3,1.6,2.6,2.8,1.2,1.8,1.9,2.7,1.2,1.8,2.2,1.2,1.2,1.1,2.8,1.1,2.1,1.5,1.6,Data Analyst
1.7,1.7,2.6,1.4,2.2,1.8,1.8,1.5,1.9,1.9,1.3,1.5,1.9,1.9,1.8,1.9,1.3,1.2,2,1.2,1.7,1.7,1.6,2,1.7,1.4,1,1.1,1.1,2.7,Data Analyst
1.9,2.6,2.3,1.7,2.1,1,1.7,1.9,1.8,1.5,2.1,1.3,2.2,1.4,1.2,2.1,1.5,1.1,2.3,1.1,1.1,1.2,2.8,2.8,1.2,1.4,1.8,2.4,1.9,1.5,Data Analyst
1.2,1.6,1.4,2.5,2.4,2.2,1.7,1.4,1.6,1.9,1.1,1.3,1.8,1.4,2.2,1.4,2,2.3,1.9,2.3,1.5,1.3,2.4,1.1,2.8,1.4,1.4,1.5,2.6,1.2,Solutions Specialist
1.5,2.5,1.8,2.3,2.3,2,1.2,1.7,2.4,1.1,1.8,1.4,2,2,2,1.7,1.7,1.4,2.5,2,1.3,1.6,1.5,2.3,1.5,1.8,1.7,2.4,1.7,1.6,Solutions Specialist
2.4,1.4,1.6,1.1,1.1,1.7,1.1,1.3,1.4,1.7,1.2,1.9,1.5,1.7,2,1.2,1.8,2.1,2,1.2,1.5,1.3,2.1,2,1.7,1.2,2,2.4,1.6,1.9,Solutions Specialist
2.4,2.3,1.3,1,1.7,1.1,1.5,1,2.1,1.7,1.4,1.6,1.1,1.2,2.1,1.1,1.7,1.1,2.1,2,1.3,1,2,2.4,1.2,1.2,2,2.5,1.8,1.6,Solutions Specialist
2.2,1.6,2.6,2.3,2.6,1.6,2.8,1.7,1.5,1.9,1.7,1.3,1.8,1.7,2,1.2,1.1,1.1,2.7,1.6,1.2,1.3,2.8,2,2.7,1.8,1.1,1.7,1.9,1.4,Solutions Specialist
1.4,2.3,1.5,1.1,1.8,2.6,1.1,1.9,1.1,1.4,2,1.6,2.3,1.1,1.7,1.6,2.2,2.7,2.8,2.4,1.4,1.3,1,2,2.3,1.6,1.8,2.5,2.8,1,Solutions Specialist
2.4,1.7,1.2,1.9,2,2.6,1.7,1.2,2.2,1.8,1.9,1.6,1.8,1.6,1.6,1.8,1.7,2.5,2.2,2.3,1.9,1.3,1,2.9,2.4,1.1,1.1,1.3,1.2,1.3,Solutions Specialist
1.6,1.3,1.1,2,2.7,1.3,1.3,1,1.2,1,1.1,1.8,1.2,1.9,2.2,1.6,1.1,2.1,2.1,2.1,1.1,1.3,1.3,2.1,2.6,1.1,1.5,1.3,1.1,1.8,Solutions Specialist
2.4,1.5,1.8,1.8,1.5,1.6,1.6,1.4,1,1.6,1.8,1.8,2.1,1.7,2.8,1.3,1.9,2,1,1.5,1.3,1.5,1.4,2.1,1.8,1.9,1.9,1.8,1.3,1.3,Solutions Specialist
1.6,1.1,2.8,2.8,2.5,2.7,1.1,1.7,1.7,1.4,1.5,1,1.9,2,2.1,1.6,1.6,2.7,1.7,1,1.4,1.5,1.8,1.8,1.4,1.6,1.9,1.1,2.8,1.5,Solutions Specialist
1.1,1.4,1.4,2.1,2,2,2.9,1,1.8,1.8,1.8,1.5,1.8,1.8,1,1.7,1.2,2.3,2.5,2.8,1,1,2.8,2.1,2.4,1.7,1.1,1.8,2.1,1.5,Solutions Specialist
1.8,1.6,2.6,1.4,2.8,1.2,2.6,1.3,1.2,1.1,1.1,1.5,1.8,1.8,2.1,1.3,1,2.1,2.6,1.5,1.9,1.6,1.8,1.3,1.7,1.4,1.7,2.3,1.7,1.4,Solutions Specialist
1.9,1.8,1.4,2.2,1.8,1.6,1.3,1.6,1.8,1.7,1,1,1.5,1.5,2.1,1.9,2.3,2.4,1.6,1.8,1.3,1.8,1.6,2.5,2.7,1.6,1.4,2.6,2.7,1.4,Solutions Specialist
2.5,1.4,2.3,2.4,2,2.2,1.6,1,2,1.6,1.8,1.2,2.1,1.2,2.1,2,1.3,2.9,2.9,1.3,1,1.2,1.3,2,2.5,1.6,1.2,2.7,2.3,1.3,Solutions Specialist
1.6,2.4,2.6,2.6,2.7,2.5,1.4,1.4,1.5,1,1.2,1.9,1.3,1.6,1.9,1.3,2,1.5,2.2,2.4,1.3,1.3,1.3,2.8,2.8,1.1,1.1,1,2.5,1.5,Solutions Specialist
1.6,2.5,1.2,1.9,2.8,2.2,1.6,1.2,2.4,1.2,1.8,1.6,1.8,1.1,2.2,1.3,1.8,1,2.4,2.5,1.8,1.2,2,2.7,1.4,1.1,1.8,1.8,2.1,1.1,Solutions Specialist
2,1.4,1.7,1.9,1.9,1.7,2,1.5,2.2,1.6,2,1.8,2,1.9,1.2,1.6,1,2,1.6,1.2,1.3,1.9,2.7,2,1.2,1,1.9,1.3,2.8,1.1,Solutions Specialist
2,1.6,2.3,1.5,2.4,2.5,2.2,1.3,1.2,1.6,1.9,1,2.3,1.1,1.9,1.4,1.5,1.8,2.9,2.5,1.6,1.9,2.7,1.3,2.8,1.8,1.1,1.7,2,1.1,Solutions Specialist
2.8,2.8,1.2,1.6,1.1,1.8,1.4,1.9,2.2,1.2,1.6,1,2.5,1.7,2.4,1.3,2.1,1.2,2.8,1.8,1.7,1.3,1.1,2.5,1.7,1.9,1.6,2.6,2.6,1.9,Solutions Specialist
1.1,1,2.6,2.1,1.7,2.7,1.4,1.8,1.7,1.7,1.5,1.2,2.3,1.2,2.6,1.1,2.3,2.9,2.6,1.3,1.2,2,1.4,1.9,2.7,1.5,1.8,2.2,2,1.9,Solutions Specialist
2.6,2.4,2.8,1.5,1.5,2.4,2.6,1.8,1.3,1.3,1.5,1.6,2.4,1.1,1.1,1.3,2,2.5,1.9,2.3,2,1.3,1.8,1.3,2.1,1.4,1.4,1.4,1.6,1.2,Solutions Specialist
1.8,2.8,2.5,1.5,1.3,2.6,2.4,2,1.3,1.7,1.6,1.7,1.8,1.3,2.3,1.6,2.3,1.3,1.4,2.4,1.8,1.4,2.2,2.4,2.1,1.4,1.6,1.5,2.7,1.1,Solutions Specialist
2.4,1.9,1.8,2.6,1.4,1.6,1.8,1.1,1.1,1.3,1.2,1.4,1.3,1.5,1.9,1.8,1.2,1.1,2.6,2.8,2,1.1,1.3,2.8,2.2,1.7,1.9,2.1,1.2,1.8,Solutions Specialist
2.2,2.5,2.6,1.9,2.6,2.5,2.3,1.6,1.4,1.8,1.4,1.5,1.1,1.7,1.2,1.5,1.7,1.7,1.5,2.3,1.6,1.6,1.7,2.6,1.2,1.5,1.1,1.9,1.1,1.3,Solutions Specialist
2.6,1,2.8,2.9,2.3,2.5,2.8,1,2.1,1.8,1.8,1.7,1.5,1.3,1.5,1.7,1.2,2.3,2.8,2.9,1.4,1.5,2.6,2.4,1.8,2,2,2.3,1.2,1.1,Solutions Specialist
1.8,1.2,2.6,1.9,1.7,2.1,2.3,1.8,2.4,1.1,1.6,1.3,2.1,1.5,2.4,1.3,1.5,1.6,2.4,2,1.2,1.6,2.8,2.1,1.5,1.5,1,1.6,1.7,1,Solutions Specialist
2.6,1.3,2.2,1.7,1.4,2.7,2.2,1.6,1.9,1.9,1.5,1.4,1,1.3,1.4,1.3,1.7,1.3,1,1.4,1.7,1.6,2.6,1.2,2,1.5,1.8,2.1,2.9,1.1,Solutions Specialist
2.7,1.2,1.2,1.1,2.8,2.2,1.7,1.3,1.8,1.1,1.5,1.6,1.8,1.6,2,1.7,1.2,1.4,2.2,1.8,1.9,1.3,2.6,1.2,2.4,1.4,1.4,2.1,1.7,1.2,Solutions Specialist
2.1,2,1,1.3,2.1,1.7,2.2,1.2,2.2,1.3,1.8,1.7,2.1,1.4,2.3,1.1,2.1,1.4,1.1,1.9,1.1,1.2,2,2.4,2.3,1.7,1.1,2.9,1.8,1.7,Solutions Specialist
1.8,2.6,1.3,2,1.5,2.8,2.5,1.8,2.3,1.3,1.9,1.1,2.6,1.3,2.9,1.8,2,1.9,1.9,2.4,2,1.1,2.1,1.9,1.6,1.7,1.3,2.3,2.7,1.3,Solutions Specialist
1,1.5,2.4,1.5,1.9,1.6,2.6,1.7,2.6,1.9,1.6,2,1.5,1.2,1.7,1.6,1.4,2.8,2.4,2.4,1,1.2,2.5,1,2,1.4,1.4,2.1,2.2,1.1,Solutions Specialist
2.6,1.7,1.7,2.2,1.4,1.5,2.8,1.9,1.6,1.3,1.6,1.3,2.3,1.7,1.5,1.5,1.8,2.9,1.8,1.7,1.7,1.5,1.5,1.9,2.8,1.3,1.8,1,2,1.4,Solutions Specialist
2.9,1.6,1.7,2.7,1.5,2,2.5,1,1.5,1,1.5,1.3,2.6,1.1,1.6,1.3,1.9,2.1,1.7,1.1,1.3,1,2.1,2.1,1.9,1.7,1.2,1.2,1.9,1.7,Solutions Specialist
2.4,2.4,1.8,2.2,1.6,1.8,1.3,1.6,2.3,1.1,1.6,1,2.8,1.6,1.3,1.5,2.4,1.8,2.2,1.4,2,1.2,1.2,2.5,1.1,1.6,1.4,2.5,2.7,1.9,Solutions Specialist
1.7,2.5,1.8,1.6,2.7,1.5,1.3,1.6,2.6,1.3,1.4,1.1,2.3,1.7,1.1,1.3,2.4,2,1.8,1.6,1.8,1.7,2.1,2.7,2.8,1.1,1.5,1.4,1,1.5,Solutions Specialist
1.1,1.1,1.2,1.8,1.4,1.8,2.1,1.9,2.2,1.1,1.1,1.3,2.4,2,1.2,1,1.7,2.8,1.3,1.4,1.2,1.2,2.2,1.5,1.2,1.4,1.2,1.8,2.2,1.3,Solutions Specialist
1.8,1.4,2.3,1.1,2.3,1.5,1.4,1.5,1.7,1.1,1.6,1.6,1.8,1.8,2.5,2,1.1,1.2,1.5,1.9,1.8,1.7,1.6,1.4,1.9,1.2,1.9,2.2,2.3,1.2,Solutions Specialist
2.4,1.1,1.6,1.6,2.3,2.6,1.7,1.3,2.9,1.6,1.8,1.9,2.3,1.2,1.5,1.2,1.4,2.3,2.6,2.1,1.3,1.2,1.8,1.6,2.1,1.5,1.6,1.8,1.5,1.8,Solutions Specialist
1.1,2.3,2.3,1.9,2.8,1,2.6,1,1.2,1.9,1.5,1.2,2.6,1.7,1.3,2,1.6,1.8,1.6,1.1,1.7,1.5,2.1,2.2,2.8,1.8,1.9,1.8,1.2,1.4,Solutions Specialist
1.2,1.4,2.2,2.4,2,1.3,1.9,1.6,1.8,1.6,1.1,1.2,2.9,1.3,2.1,1.8,1.4,2.9,1.2,1.5,1.6,1.5,2.3,1.1,2.7,1.9,1.8,2.4,1.3,1.6,Solutions Specialist
1.5,2.8,2.4,1.1,2,1.7,2.3,1.5,2.2,1.2,1.5,1.9,1.5,1.6,2.7,1.6,1.6,1.1,2.7,2.4,1,1.3,1.4,1.2,1.1,1.1,2.5,2.8,1.6,1.1,Systems Analyst
1.1,1.7,2,2.7,1.3,1.7,2.4,2.7,1.3,1.8,2,1,1.5,1.5,1.1,2.2,1.3,1.2,1.6,2,1.9,2.6,1.3,1.3,1,2.8,2.8,2.6,1.7,1.4,Systems Analyst
2,2.4,1.6,2.2,1.2,1.8,1.4,2.5,1.4,1.5,2.6,1.9,1.2,1.8,2.5,1.1,1.1,1.6,1.1,1.1,2,2.6,2.4,1.1,1.8,1.9,2.6,2.8,1.2,1.8,Systems Analyst
2,1.8,1.7,2.4,1.2,1.6,2.7,2.4,2.4,1.2,1.1,2.7,2.6,1.8,2.5,2.3,1.1,1.2,1.6,1.7,1.7,1.2,2,1.8,2,2.4,2.1,2.5,1.2,1.1,Systems Analyst
1.9,1.4,2.1,1,1.7,1.4,1.4,2.2,1.5,1.1,2.2,2,1.4,1.9,2.1,1,1.8,1.8,2.7,2,1.6,1.3,2.3,1.5,1.8,1.7,1.4,1.5,1.1,1.9,Systems Analyst
1,1.2,1.3,1.7,1.8,1.1,1.6,2.1,1.7,1.6,2.5,2.6,1.8,1.6,1.4,2.5,1.2,1.9,2.7,1.1,1.2,1.9,1.3,1.4,1.8,1.3,1.8,1.2,1.8,2,Systems Analyst
1.5,1.9,2.6,1.7,1.7,1.4,1.2,2.3,2.2,2,1,2.5,1.3,1.8,2.3,1.5,1.9,1.4,2,1.9,2,2.4,2.2,1.8,1.4,2.9,2,2,1.1,1.6,Systems Analyst
2.1,1.1,2.5,2.5,1.1,1.2,1.4,2.8,1.9,1.5,1.6,1.1,1.3,1.6,1.5,2.9,1.9,1.2,2.6,1.7,1.9,1.7,1.2,1.3,1.2,2.3,2.4,2.4,1.8,1.6,Systems Analyst
1.4,1.4,1.9,1.1,1.4,1.3,1.4,1.9,1.4,1.4,2.2,2.7,2.8,1.3,1.4,1.3,1.9,1.5,2.1,2,1.8,1.4,1.7,1.4,1.6,1.5,1.4,2.6,1.4,1.6,Systems Analyst
1.9,2.6,1.1,1.3,1.2,1.6,2.3,2.4,2.6,1.2,2,2.5,2.5,1.2,2.7,2.4,2,1.1,1.8,1.1,1.8,1.3,1.2,2,1.8,2.1,1.4,1.6,2,2,Systems Analyst
2.1,1,2.2,2.7,1.3,1.3,2.3,2.1,1.3,1.4,2.6,1.3,2.4,1.7,1.7,1.4,1.7,1.7,1.3,1.7,1.2,1.8,1.5,1.7,1.1,1.5,1.5,2.1,1.7,2,Systems Analyst
1.7,1.3,2.8,2.9,1.9,1.7,2.8,1.6,1.3,1,1.9,1.4,2.5,1.8,1.5,1.3,2,1.1,1.7,1.8,1.2,1.8,2.5,1.8,1.4,2.9,2.2,1.2,1.1,1.2,Systems Analyst
2.6,2.2,2.7,2.4,1.2,1.2,1.4,2.9,2.4,1.3,1.8,1.1,2.8,1.3,2.4,2,1.4,1.2,2.6,2.2,1.2,2,1.5,1.5,1.7,2.7,2.6,2.8,1.3,1.7,Systems Analyst
2.4,2.4,2.8,2.4,1.4,2,1.7,2.8,2.7,1.1,1.3,2.8,1.6,1.9,2.7,1.3,1.6,1.5,1.7,2.8,1.2,1.4,2.2,1.9,1.1,1.4,1.3,1.7,1.9,1.1,Systems Analyst
2,1.5,1.9,1,1.4,1.3,1.9,1.6,1.4,1.7,1.1,1.3,2.6,2,2.1,2.8,1.1,1.7,1.2,2.3,1.3,2.9,1.8,1.1,1.9,1.3,2.9,1.8,1.5,1.4,Systems Analyst
1.2,1,1.2,2.1,1.8,1.2,2.1,1.9,2.4,1.9,2.2,1.3,2.1,1.4,2.1,2.6,1,1.2,1.6,2.2,1.4,2.5,2.7,1.3,1.6,2,2.4,1.8,1.4,1.8,Systems Analyst
1.4,2.5,2.6,1.7,1.6,1.3,1.9,2.4,1.8,1.6,1.4,2.1,2,1.9,1.1,2.8,1.9,1.2,1,1.3,1.7,1.6,2.7,1.9,1.4,2,2.9,1.2,1.7,1.3,Systems Analyst
1.5,1.3,1.1,1.3,1.1,1.5,1.5,1.9,2.6,1.1,2.3,2.3,1.2,1.8,1.3,2.2,1.6,1.9,2.1,1.1,1.9,1.6,2.6,1.5,1.2,1.1,2.1,1.4,1.4,1.1,Systems Analyst
1.1,1.2,2.6,2.4,1.4,1.8,1.9,2.5,2.7,1,2.9,2.6,2,1.2,1.4,2.9,1.6,1.7,2.3,2.4,1.4,1.5,1.9,1.1,1.4,2.9,2.5,1.5,1.8,1.7,Systems Analyst
2.3,2.6,2.9,1.9,1.5,1.9,1.5,1.2,2.8,1.3,2,2,2,1.2,2.2,2.5,1.1,1,2.2,1.3,1,2.6,2.9,1.8,1.8,2.4,2.8,1.9,1.3,1.9,Systems Analyst
2.8,1.1,1.4,2.3,1.2,1.4,2.5,2.6,2.3,1.2,1.8,2.7,2.2,1.9,1.6,2.3,1.1,1.2,2.3,1.6,1.8,1.4,2.6,2,1.2,2.8,1.2,2.8,1.1,1.5,Systems Analyst
2.6,1,2.4,2.4,1.7,1.9,1.2,2.9,1.5,1.1,2.5,2.6,2.5,1.4,1.6,1.8,1.2,1.8,2.6,2.4,1.2,2.7,2.8,1.6,1.7,1.6,1.7,2.1,1.9,1.1,Systems Analyst
2.8,1.1,1.6,1.2,1.1,1.5,2.9,2.7,1.1,1.2,2,2.4,2.2,1.4,2.3,2.6,1.9,1.3,1.2,1.1,1.4,1.6,2.1,1.2,1.5,1.2,2.1,2.7,1.3,1.6,Systems Analyst
1.5,2.7,2.9,2.2,1.2,1.2,2.8,2.5,1.7,2,1,2,1.2,1.5,2,2.1,1.6,1.1,2.8,1.4,1.6,2,2.7,1.4,1.2,1.7,1.6,2.1,2,2,Systems Analyst
1.4,2.9,1.8,1.5,1.3,1.2,1.6,2.7,2.2,1.7,2.4,2.8,2.8,1.8,1.6,2.1,1.4,1.4,1.3,1.8,1.1,2.8,2.3,1.6,1.7,1.1,1,1.1,1.8,1.4,Systems Analyst
1.2,2.5,1.5,2.4,1.8,1.1,1.5,1.1,1.6,1.6,1.8,1.2,2.4,1.2,2.3,1.4,2,1.1,2.3,2.4,1.1,1.4,2.8,1.2,1.9,2.5,2.1,2.2,1.1,1.9,Systems Analyst
1.8,1.8,2.5,1,1.6,1.1,1.7,2.5,1.4,1.7,2.7,2,2.1,1.7,1.9,1.8,1.4,1.2,2.3,1.4,1.9,2.7,1.5,1.8,1.9,1.6,1.7,2.9,1.3,1.4,Systems Analyst
2.5,2.2,2.1,2.3,1.8,1.4,2.5,2.4,2.7,1.8,2.4,1.8,2,1.4,2.1,1.6,1.9,1.3,2.5,1,1.3,2,1.2,1.9,1.4,2,2.3,1.7,1.4,1.3,Systems Analyst
1.5,1.1,1.5,2.8,1.7,1.1,2.1,2.2,2.4,1.7,2,2.4,1.1,1.4,1.4,1.2,1.1,1.7,2,1.3,1.9,2,2.8,1.1,1.2,1.7,2.6,1.2,1.8,1.9,Systems Analyst
2.8,2,1.6,1.3,1.2,1.6,2.2,2.4,2.1,1.3,1.9,2.3,2.6,1.8,1.5,2.8,1.7,1.8,2.1,1.9,1.6,2.4,1.6,1.1,2,1.6,1.3,2.6,1.2,1.6,Systems Analyst
2.1,1.5,1.7,2.4,1.6,1.2,1.4,2.3,2,1.4,2.3,2.5,2,1.8,1.9,2.2,1.9,1.6,1.9,1.4,1.2,1.4,2.4,1.1,1.5,1.9,2.7,1.8,1,1.7,Systems Analyst
2.9,2.7,2.9,2.5,1.5,1.5,2.8,2.7,1.1,1.1,2.3,1.3,1.1,1.9,1.7,2.8,1.7,1.4,1.8,2.5,1.1,1.7,1.8,1.1,2,1.5,1.4,2.9,1.9,1.1,Systems Analyst
1.6,1.6,2.3,2.3,1.7,2,1.3,2.6,2.2,1.4,1.1,1.5,2.8,1.2,2.4,1.7,1.2,1.2,2.4,1.5,1.4,1.2,2,1.4,1.7,1.7,2.3,1.2,1.1,1.9,Systems Analyst
2,2.5,2.3,1.9,1.2,1.3,2.7,2.9,2.4,1.6,2.7,1.1,2.5,1.6,1.1,1.9,1.9,1.7,2.8,1.9,1.4,1.7,1.4,1.3,1.3,1.5,1.5,1.5,1.7,1.2,Systems Analyst
2.8,2.1,2,1.9,1.6,1.4,1.1,2.2,2.1,1.2,2,2.6,1.9,1.7,1.6,1.1,1.6,1.5,2.2,1.9,1.5,1.3,1.3,1.9,1.4,2,1.5,2.1,2,1.1,Systems Analyst
1.1,1.5,2.4,2.5,1.4,1.9,2.8,2.8,2.6,1.8,2.6,2.3,2.8,1.1,2.5,2.1,1.4,1.7,1.8,2.8,1.5,2.4,1.1,1.5,1.1,1.3,2.5,1.3,1.1,1.5,Systems Analyst
1.5,1.6,2.3,1.5,1.8,1.1,2.6,1,1.8,1.3,1.1,2.7,2.8,2,1,2.8,1.9,1.3,1.7,2,1.6,1.4,1.5,1.6,1,1.1,1.6,1.8,1.5,1.3,Systems Analyst
2.9,2.5,2.5,2.1,1.8,1.6,1.3,1.6,2.5,1.8,1.8,1.5,2.1,1.8,1.2,1.5,1.5,1.2,1.3,2,1.6,2.8,1.7,1.9,1.2,2.7,1.8,2.8,1.8,1.1,Systems Analyst
2.2,2.3,2.7,2.8,1.4,1.5,1.1,2.6,1.4,1.1,1.7,1.5,1.5,1.7,2.6,2.5,1,1.3,1.7,2.8,1.8,1.8,2.6,1.3,1.2,1.9,1.9,1.1,1.9,1.2,Systems Analyst
1.1,1.3,1.2,2.7,1.1,1.2,2.7,2.3,2,1.5,2.3,1.9,1.5,1.2,1.9,2.7,1.1,1.8,1.3,1.2,1.9,1.5,2.9,1.6,1.1,2.8,1.5,2.8,1.6,1.1,Systems Analyst
2.1,1.1,1.6,2.5,2,1,1.2,2.1,2.7,1.1,1.2,2.3,1.3,1.8,1.1,2.5,1.2,2.5,2.1,1.4,2.2,1,2.3,1.5,1.9,1.3,1.6,1.9,1.5,1.2,IS Project Management Personnel
1.9,1.3,2.6,1.9,1.5,1.9,1.4,2.5,2.5,1.3,2.7,2.8,1.6,1.8,1.4,2.9,1.5,2.9,1.3,1.4,2.3,1.6,1.1,1.7,1.1,1.2,1.2,1.6,1.7,2,IS Project Management Personnel
1.7,2.2,1.8,2.1,1,1.6,1.9,1.9,1.5,1.4,1.7,2.7,1.7,1.1,1.3,1.5,1.6,2.6,2.8,1.6,2.5,1.3,2.8,1.8,2.6,2.7,1.6,1.4,1.1,1.8,IS Project Management Personnel
1.9,2.6,2.7,2.2,1.4,1.2,1.1,1,1.1,1.8,2.8,2.8,1.9,1.5,1.7,2.2,1.6,2.9,2.4,2.8,2.4,1.4,2.7,1.5,1.9,2.1,1,1.4,1.8,2.7,IS Project Management Personnel
1.3,1.3,1.4,2.3,1.8,1.8,1.3,2.3,1.6,1.4,2.9,2.2,1.9,1.2,1.4,1.1,1,1.9,1.8,2.4,2.4,1.4,2.5,1.8,2.1,2,1.7,1.5,1.9,1.2,IS Project Management Personnel
2.1,1.2,1.9,1.8,1.6,1.2,1.7,2.7,2.7,1.4,2.3,2.5,1.5,1.8,1.1,2.8,1.8,2.5,2.1,2.7,2.1,1.2,2.8,1.2,2.1,2.9,1.4,2,1.7,2.3,IS Project Management Personnel
1.1,1.4,2.5,2.7,1.2,1.7,1.1,2.7,1.4,1.4,1.1,2.2,1.3,1.1,1.2,2.9,2,2.8,1.7,2.2,2.7,1.2,1.8,1.9,1.1,1.6,1.4,2.6,1.9,2.7,IS Project Management Personnel
1.6,1.3,2.9,2.5,1.8,1.2,1.3,2.5,2.1,1.7,1.1,1.8,1.8,1.3,2,1.5,1,2.4,2.4,1.1,2.3,1.2,2.9,1.4,2.1,2.1,1.5,2.7,1.2,1.9,IS Project Management Personnel
1.1,2.8,1,1.9,1.3,1.6,1.3,1.6,2.6,1,2.2,1.7,1,1.9,1.1,1.6,1.5,2.8,1.7,2.7,1.2,1.8,1.7,1.8,1.2,1.3,2,1.3,1.7,1.6,IS Project Management Personnel
1.7,2.6,2,2.6,1.1,1,1.5,2.7,2.8,2,2.3,2.2,1.9,1.7,1.7,1.8,1.7,2.5,1.1,2.5,1.4,1.4,1.9,1.8,2.8,1.2,1.8,2.2,1.9,1.6,IS Project Management Personnel
1.4,2.7,1,1.9,1.4,1.3,2,2,1.9,1.3,2.7,1.4,2,1.1,1.7,1.3,1.7,1.6,2.4,1.7,1.8,1.5,1.8,1.3,2.8,1.4,2.6,2.5,1.5,2.5,IS Project Management Personnel
2.7,1.9,1.5,2.5,1.2,1.7,1.3,2.1,2.4,1.3,2,2.6,1.4,1,1.6,2.4,1.8,2.5,1.9,1.8,1.4,1.1,2.5,1.8,1.7,1.1,2.7,2.9,1.9,1.3,IS Project Management Personnel
1.2,2,1.1,2.2,1.8,1.5,1.2,1.6,2.8,1.3,2.7,2.5,1.9,1.5,1.1,1.9,1.7,1.3,2.8,1.1,2.6,1.1,2.7,1.3,2.4,2.5,1.1,1.3,1.7,1.9,IS Project Management Personnel
2.6,2.2,1.2,2.9,1.8,1.2,1.3,1.3,2.3,1.4,2.9,2.4,1.5,2,1.5,1.5,1,1.6,2.5,2.1,1.5,1.4,1.6,1.8,1.9,1.3,1.2,2.3,1.4,1.2,IS Project Management Personnel
2,2.4,2.7,2.8,1,1.2,1.9,2.1,2,1.3,1.7,2.2,1.5,1.6,1.5,1.3,2,1.3,1.2,2.1,1.6,1.4,1.4,1.5,2.6,2.7,2.2,2.4,1.3,1.9,IS Project Management Personnel
1.6,2.1,2,1.1,1.2,1.6,1.2,1.1,2.6,1.4,1.6,2.3,1.8,1.9,1.3,1.7,1.9,1.6,1.8,2.7,1.5,1.7,1.3,1.9,2.4,2.7,2.8,2.8,1.9,1.6,IS Project Management Personnel
2.4,1.7,1.7,1.8,1.3,1.7,1.6,2.4,2.5,1.9,2,1.9,1,1.1,1.8,1.5,1.1,2.8,2.7,2.1,2.3,1.9,2.5,1.5,2.5,1.7,1,1.8,1.3,1.6,IS Project Management Personnel
1.8,1.1,2.8,2.8,1.5,1.5,2,1.4,1.6,1.3,2.5,1.5,1.3,2,1.5,1.6,1.3,2.4,2.1,1.6,2.4,1.5,1.6,1.6,1.2,2.2,1.2,1.5,1.3,1.1,IS Project Management Personnel
1.1,2.3,1.4,2.2,1.4,1.5,1.1,1.4,2.8,1.2,2.2,2.7,1.4,1.5,1.6,2,1,2.7,1.1,1.7,2,1.9,1.1,1.1,1.3,2.4,1.7,1.6,1.3,2,IS Project Management Personnel
1.9,2.1,1.7,1.8,1.1,1.7,1.2,2,1.3,1.6,2.3,1.5,1.9,1.6,1,1.6,1.7,1.1,2.2,2.8,2.9,1.7,2.6,1.7,1.7,1.9,2.4,1.9,1.1,1.2,IS Project Management Personnel
1.5,1.8,1.5,2,2,1.5,1.7,2.2,1.9,1.9,2.7,1.5,1.8,1.1,1.2,1.2,1.3,1.7,2.6,1.2,1.4,1.2,1.9,1.5,1.8,2.4,1.9,2.8,1.7,1.7,IS Project Management Personnel
1.4,2.5,1.4,1.9,1.4,1.8,1.5,2.1,2,1,2.3,2.9,1.2,1.7,1.9,2.8,1.2,2.5,2.4,1.1,1.2,1.5,2.6,1.7,2.5,1.5,2.2,1,1.4,2.7,IS Project Management Personnel
1.7,1.9,1.5,2.3,1.9,1.8,1.2,2.3,2.2,1.7,2,1.7,1.5,1.3,1.1,2.5,1.9,1.8,2.8,2.2,1.4,1.5,1.8,1.1,2.5,1.5,1.8,1.4,1.9,2,IS Project Management Personnel
1.3,1.2,2.8,1.3,1.1,1.6,1.7,2.9,1.7,1.2,1.5,1.3,1.1,1.4,1.7,2.7,1.2,2.4,1.1,2.3,1.5,1.3,2,1.6,1.6,1.1,2.9,2,1.8,1.1,IS Project Management Personnel
1.6,1.4,2.1,1.2,1.2,1.1,1.4,2.5,2.3,1.7,1.3,2.8,1.7,1.5,1.7,2,1,1.8,1.1,1.1,2.1,1.7,1.8,1.4,1.1,2.1,2,2.5,1.9,2.7,IS Project Management Personnel
2.7,2.3,2.9,1.6,2,1.1,1.2,1.8,1,2,2.3,1.1,1.7,2,1.8,1.6,1.6,1.7,2.4,2.5,1.5,1,1.6,1.5,1.2,1.2,1.3,2.1,1.6,1.8,IS Project Management Personnel
1.3,1.4,1.1,1.6,1,1.8,2,2.3,1.9,1.8,2.6,2.5,1.8,1.3,1.3,2.4,2,2.7,2.8,2.1,2.4,1,1.5,1.7,2.5,1.5,1.8,1.7,1.5,2.7,IS Project Management Personnel
1.4,2.2,1.5,2.3,1.6,1,1.3,2.1,1.3,1.4,1.4,2.5,1.1,1.8,2,2.7,1.8,2.7,1,2.1,1.6,1.4,2.3,1.6,2,1.8,2.1,2.6,1.4,2.4,IS Project Management Personnel
1.4,1.3,2.8,2.6,1.9,1.1,1.1,1.6,1.5,1.7,2.5,2,1.5,1.8,1.3,2.1,1.4,2.5,1.1,1.9,2,1.2,2,2,2,1.1,2.5,1.1,1.1,2.3,IS Project Management Personnel
2,1.2,1.2,2.7,1.5,1.2,1.1,1.2,2.8,1.6,2.2,2.5,1.5,1.6,1.1,1.7,1.3,2.2,1.3,2.6,2.4,1.4,2.3,1.9,1.2,1.6,2.3,2.1,1.4,2.1,IS Project Management Personnel
1.3,2.4,1.5,2.9,1.8,1.5,1.5,1.4,2,1.2,2.2,2.1,1.8,2,1.7,1.4,1.9,1.1,1.2,1.2,1,1.9,2.8,1.6,1,1.6,2,1.1,1.7,1.6,IS Project Management Personnel
1.1,2.6,2.8,2.7,1.8,1.5,1.4,2.6,1,1.2,2.4,1.6,1.3,1.9,1.4,2.2,1.1,2.8,2.3,2.7,1.7,1.9,1.5,1.6,2.4,1,2.1,2.4,1.3,1.1,IS Project Management Personnel
1.1,2.2,1.3,2.7,1.6,2,1.4,1,2.3,1.6,1.5,2.7,1,1.4,1.2,2.3,1.6,1.6,2.8,1.9,2.8,1.3,2.7,1.3,1.1,2.3,2,2,1.8,2,IS Project Management Personnel
2,1.4,2.2,2.4,1.5,1.7,1.7,2.7,2.1,1.9,2.1,1.7,1.4,1.6,1.5,2.7,1.4,2.8,2.5,1.6,1.1,1.8,1.1,1.8,2.2,2.4,2.6,1.8,1.8,1.4,IS Project Management Personnel
2.5,2.5,2.4,1.4,1.2,1.2,1.2,2.3,1,1.6,2.7,2.2,1.7,1.7,2,2.3,1.4,2.3,2.1,2.1,1.7,1.3,2.7,1.3,1.4,1.2,2.3,2.8,1.1,2.2,IS Project Management Personnel
1.5,1.6,1.3,1.7,1.7,1.2,1.8,1,1.4,1.9,2.3,2.8,1.4,1.6,1.4,2.8,2,2.9,2.8,2.8,1.6,1.5,1.2,1.5,1.3,2.4,2,1.1,1.7,1.1,IS Project Management Personnel
2,2.1,2.4,2.6,1.5,1.1,2,1.4,2,1,1.4,2.8,1.6,1.6,1.9,1.3,1.6,2.9,1.6,2,2.5,1.8,2,1.6,2.5,2.2,1.3,1.3,1,1.1,IS Project Management Personnel
1.7,1.6,2.7,1.9,1.3,1.2,1.4,2.4,2.7,1,2.3,1.8,1.5,1.5,1.4,1.9,1.2,1.5,1.3,2.8,1.5,1.7,1.8,1.3,1.5,2,1.1,1,1.4,1.3,IS Project Management Personnel
1.7,1.3,1.8,2.2,1.5,1.3,1.2,1.7,1.8,1.7,1.3,1.5,1.1,1.8,1.7,2.5,1.1,2.6,1.1,2.5,1.8,1.2,2.6,2,1.4,2.8,1.6,2.5,1.8,1.7,IS Project Management Personnel
1.6,1.1,2.3,2.2,1.9,1.7,1.7,1.5,1.1,1.1,1.2,1.2,1.8,2,1,2.4,1.2,2.7,1.2,2,1.1,1.3,1.5,1.3,2.4,2.8,1.7,2.3,1.4,2.8,IS Project Management Personnel
2,1.6,1.8,1.2,2.1,2.9,2.8,2.7,2.4,1.5,1.5,1.5,1.6,1.6,1.9,2.3,1.2,2.2,1.7,1.5,2.3,2.7,1.9,1.6,1.9,1.9,1.4,1.9,1.9,2.1,Applications Developer
1.9,1.6,1.1,2.2,1.7,2,1.3,1.8,2.8,2.1,1.2,1.1,2.4,1.7,1.2,2.5,1.1,1.6,2.7,2.9,2.9,2.5,1.2,2.5,2.9,1.4,1.5,1.4,1.6,1.9,Applications Developer
1.4,1.2,1.7,2.9,1.8,1.6,1.7,1.2,1.9,2.8,1.7,1.5,1.8,1.2,1.3,1.9,1.7,2.8,1.3,1.7,1.9,1.8,2.5,1.2,2.7,2.4,1.9,1.3,1.5,1.7,Applications Developer
2,1.6,2,1.6,1.1,2.2,2.4,1.7,1.2,2.9,1.7,1.7,1.8,1.8,1.6,1.4,1.4,1.5,2,2.1,1.3,1,1.2,2.3,2.4,2.4,1.1,1.3,1.7,1.9,Applications Developer
1.2,1.4,1.7,1.9,2.2,2.4,1.4,2.1,1.1,1.4,1.4,2,2,1.6,1.1,2.6,1.9,2.2,2.3,2.6,2.5,2.2,1.2,2.4,1.4,1.5,1.1,1.1,2.3,1.3,Applications Developer
1.7,1.2,1.6,2.7,2.6,2.8,2.9,1.6,2.6,2.1,1.1,1.4,2.8,1.1,1.7,1.7,1.2,2.6,2.6,2.3,1.6,1.7,2.1,2.1,1.1,2.6,2.2,1.6,2.8,2.1,Applications Developer
1.4,1.5,1.7,1.1,2.3,2.7,1.8,2.3,1.4,1.7,1.1,1.8,2.5,1.6,1.5,2.4,1.7,2.5,2.4,2.8,1.1,2.9,1.2,2.2,1.5,2.1,1.3,2,1.3,1.1,Applications Developer
2,1.7,1.1,1.3,1.2,1.7,1.9,2.2,2.5,2.8,1.8,1.3,1.2,1.8,1.7,2,1.1,2.9,1.5,2,2.3,1.1,1.9,1.7,1.8,1.8,1.8,1.7,2.7,1.6,Applications Developer
1.9,1.2,1.9,1.5,2.7,2.7,2.1,1.6,2.5,1.6,1.8,1.4,1.9,1.4,1.8,1.6,1.9,1.1,1.4,1.4,2.4,1.5,2,1.9,1.2,2,1.5,1.9,1.1,1.1,Applications Developer
1.3,1.6,2,1.5,1.6,1.8,2.6,1.9,1.4,2.7,1.9,1.2,2.4,1.5,2,2.8,1.3,2,1.1,2.6,1.8,1.3,2.7,1.3,1.4,2.2,2.1,1.3,1.8,1.7,Applications Developer
1.7,1.1,1.7,1.2,2.2,2.1,2.3,2.7,2.7,2.4,2,1.8,1.7,1.2,2.3,1.7,1.4,2.6,2.7,2.3,1.9,2.9,1,1.1,2.8,2.3,2.2,1.9,1.6,1.4,Applications Developer
2,1.9,1.2,2.8,1.8,1.5,1.5,1.8,1.5,1.2,1.5,1.5,2.2,1.8,1.5,1.6,1,1.3,1.8,1.6,2.4,2.3,2,1.7,2.6,1.3,1.9,1.5,2.7,2.7,Applications Developer
2,1.2,1.5,2.6,1.5,2.2,2.8,2.1,1.9,2.6,1.1,1.1,2.9,1.1,2.9,2.8,1.5,2.3,1.2,1.2,2,1.6,1.5,1.9,2.6,1,2.2,1.5,2.7,1.2,Applications Developer
2.1,1.6,1.7,1.9,2.3,2.8,1.9,1.4,1.2,2.7,2.9,1.1,1.5,1.6,1.7,2.3,1.9,2.9,2.1,2.9,1.5,2,1.5,1.1,1.4,2.2,1.7,1.7,1.4,2.6,Applications Developer
1.4,1.2,1.3,2.5,2.8,2.2,2.7,2.3,1.4,1.6,2.4,1.4,2,1.6,1.1,2.4,1.3,2.1,2.3,2.5,1.6,1.4,2.7,2,2.2,2.6,1.7,1.9,1.6,2,Applications Developer
1.7,1.8,1.3,1.7,2,1.7,1.1,2.5,1.3,1.2,2.6,1.7,2.7,1.2,1.3,2.4,1.1,1.7,2.5,1.5,1.2,1.1,1.3,2.9,1.8,1.4,2.4,1.3,2.3,1.6,Applications Developer
2,1.7,1.1,1.6,1.7,2.5,1.4,1.5,2.5,2.3,1.3,1.9,1.8,1.4,2.6,1.8,1.6,2.6,1.5,1.9,2.5,2.4,2,2.1,2.9,2.6,1.6,1.1,2,2.4,Applications Developer
2,1.4,1.9,2,1.3,2,2.1,1.9,1.6,2.5,2.1,1.8,2.4,1.3,2.7,2.7,1.1,1.8,1.9,2.7,1.7,2.4,2.1,1.5,1.7,2.4,1.1,1.7,2.5,1.8,Applications Developer
1.1,1.5,1.1,1.6,2.6,1.5,2.2,2.7,1.3,2.9,1.3,1.5,1.2,1.1,2.7,2,1.9,1.1,2.7,1.4,2.8,1.1,2.6,1.9,2.7,2.7,2.3,1.7,1.4,1.1,Applications Developer
1.3,1.3,1.7,2.2,2.4,1.9,1.3,1.4,2.1,1.3,2.5,2.1,2.6,1.8,1.8,2.5,1.7,1.7,1.4,1.8,1.4,2.2,2.3,1.3,1.2,2.8,2.3,1,2,1.9,Applications Developer
1.3,1.5,1.4,2.2,1.9,2.1,2.6,1.4,2.6,2.2,1.9,1.9,2.7,1.6,1.9,2.7,1.9,1.8,1.6,2.3,2.4,1.6,1.4,2.1,2,2.3,2.8,1.3,1.6,1.5,Applications Developer
1.2,1.3,1.6,2.8,1.6,1.1,1.7,1.2,2.2,2.2,2.7,1.2,2.2,1.2,1.2,1.9,1.6,1.4,1.9,2.6,1.5,2.1,2.3,1.9,1.7,1.4,1.8,2,2.2,1.4,Applications Developer
1.2,1.1,1.5,2.9,1.2,2.3,2.1,2.3,2.4,1.1,1.5,1.3,2.8,1.4,2.5,1.5,1.7,1.4,2.6,1.7,1.9,1.5,2,1.6,1.6,2.5,1.2,1.7,2,1.7,Applications Developer
1.1,1.7,1.2,2.6,1.4,2.2,2.7,1.6,2.3,2.3,2.3,1.1,1.5,1.8,2,2.2,1.5,2.5,1.6,2.6,1.2,2.2,1.3,1.3,2,1.5,1.8,1.1,1.1,1.3,Applications Developer
1.5,1.8,1.7,1.6,2.3,1.3,1.2,1.9,1.5,2,1.9,1.8,1.4,1.2,1.5,2.6,1.3,2.7,2.8,2.1,1.4,2.8,1,1.2,2.4,1.8,2.7,1.5,2.1,1.6,Applications Developer
1.7,1.7,1.3,2.6,1.4,1.5,1.5,2.5,1.4,1.7,2.3,1.9,1.1,1.8,1.5,1.1,1.7,1.8,1.3,2.9,1.6,1.5,2.3,1.6,2.8,2.7,1.7,2,2,2.7,Applications Developer
1.2,1.4,1.5,1.8,2.7,2.6,2.5,1.5,2.3,1.5,2.2,1.5,2.6,1.3,2.1,1.7,1.3,2.3,1.7,2.5,2.3,2,1.5,2.2,2.4,1.9,1.9,1.9,2.7,1.3,Applications Developer
1.5,1.9,1.5,1.8,1.6,1.7,1.5,2.1,2,1.3,1.6,1.8,1.9,1.4,2.7,2.9,1.2,1.2,2.7,1.1,2.9,2.7,1.9,1,1.2,1.3,2.6,1,2.6,1.4,Applications Developer
1.9,1.1,1.9,1.2,1.9,2.1,1.9,1.5,1.2,1.2,2.3,1.6,2.2,1.3,1.2,1.1,1.8,2.5,1.2,2.6,2.4,1.7,2,1.8,1.1,2.3,1.6,1.8,2.1,1.4,Applications Developer
1.7,1.9,1.1,1.8,2,2.4,2.9,1.8,2.9,2.3,2.2,1.6,1.9,1.8,2.4,2.4,1.1,1.1,1.1,2.8,1.3,1.2,2.8,2,2.9,1.4,2,1.9,1.2,2,Applications Developer
1.5,1.7,1.2,1.9,2.6,2,1.5,2.5,1.2,2.4,2.7,1.2,2,1.4,1.5,2.3,1.2,2.9,1.2,1.3,1.5,1.3,1.4,2.4,2.9,1.2,1.9,1.6,2.8,1.3,Applications Developer
1.3,1.6,1.9,2.5,2.1,1.1,2.3,2.4,2.5,2.7,2.3,1.3,1.5,1.8,2.6,2.1,1.9,1.7,2.7,2.1,1.8,2.7,1.8,2.5,2.8,2.5,1.7,1.4,1.6,1.1,Applications Developer
1.2,1.2,1.8,1.9,1.7,1.6,2.1,1.5,2.5,1.9,2.9,1.2,1.4,1.7,1.9,1.6,1.9,1.6,2.1,1.4,2.7,1.8,2.7,2.9,2.5,1.7,1.2,1.3,1.9,1.1,Applications Developer
1.9,1.6,1.2,1.6,2,1.6,2.4,2.3,2.4,1.3,2.3,1.6,1.6,1.9,1.3,1.1,1.5,1.1,1.1,1.1,1.5,1.3,1.6,2,2.2,1.8,1,1.2,2.4,2,Applications Developer
1.1,1.4,1.4,1.4,2.5,2.9,1.1,1.8,1.1,1.1,1.5,1.5,2.1,1.7,1.5,2.9,1.2,2.3,2,1.8,1.2,1.4,1.6,2.4,2.5,1.7,2,1.5,2.6,2.5,Applications Developer
1.6,1.9,1.3,2.3,2.3,1.9,2.7,2.3,2.3,2,1.7,1.2,1.3,1.9,2.9,1.6,1.5,2.9,1.1,1.5,2.6,2.4,1.1,2.1,2.6,1.4,2.9,1,1,1.5,Applications Developer
1.9,1.3,1.7,1.7,2.5,2.6,2.6,2.1,1.3,2.3,2,1.5,2.9,1.3,1.1,2,1.4,1.8,2.1,2.7,1.8,2.8,1.1,2.4,2.7,2.2,2,1.4,2.2,2,Applications Developer
1.2,1.7,1.7,1,2.6,2.2,2.1,2.6,1.1,2.7,1.4,1.2,1.9,1.4,1.7,2.4,1.9,1.6,1.3,1.1,2.3,1.1,1.3,1.1,2.6,2,2.7,1.7,1.4,1.7,Applications Developer
1.5,1.4,1.5,1.5,2.2,2.9,1.5,1.7,1.9,2,1.5,1.5,1.1,1.8,1.6,2.8,1.2,2.3,1.2,1.4,2.8,2.5,1.1,1.3,1.7,1.6,2.7,1.5,2.6,1.7,Applications Developer
2,1.8,1.3,2.4,2.7,1.3,1.9,1.5,2.1,2.8,1.8,1.2,2,1.4,2.1,1.5,1.7,2.7,1.6,2.5,1.8,1.1,1.4,1,1.1,1.1,2.6,1.4,1.6,1.6,Applications Developer
2.1,1.9,2.8,2,1.5,2.1,1.9,1.9,2.1,1.5,1.6,2.7,2.1,1.8,2.4,2.5,2,2.4,1.9,2.1,1.1,1.9,1.7,1.4,1.5,1.3,1.8,1.8,2.4,1.4,End User Trainer
2.5,1.8,2.7,2.6,1.1,1.8,1.5,1.5,1.8,1.1,1.2,1.8,2.5,1.2,2.8,2.2,2.7,2.9,1.6,1.3,1.9,1.7,1.8,1.7,1.3,1.5,1.3,1,2.8,2,End User Trainer
2.4,1.8,2.6,2.7,1.8,2.4,1.8,1.7,2.4,1.5,1.3,1.2,2.4,1.3,1.5,1.9,1.7,2.3,2.9,1.9,1.6,1.3,1.9,1.5,1.1,1.5,1.4,1.9,1.4,1.1,End User Trainer
2.1,1.8,2.4,1.2,1.8,1.4,1.6,1.6,1.4,1.9,1.5,2.9,2.1,1.7,2.3,1.6,2.9,2,2.3,2.2,1.8,1.8,2,1.3,1.3,1,1.2,1.3,2.2,1.1,End User Trainer
1.9,1.1,1.6,2.3,1.8,2.8,1.7,1.2,2.8,1.1,1.8,2.6,1.9,1.8,1.5,2.9,1.4,1.3,2,2.9,1.2,1.3,2,1.1,1.6,1.1,1.5,1.7,2.7,1.2,End User Trainer
1.5,1.4,2.5,1.6,1.3,2.6,1.1,1.7,2.6,1.8,1.7,1.9,1.5,1.6,2.2,2.2,1.8,1.6,2.8,1.4,1.4,2,1.6,1.3,1.3,1.7,1.7,1.9,1.7,1.2,End User Trainer
1.7,1.1,1.2,2.4,1.8,1.8,1.1,1.5,1.8,1.1,1.6,2.1,1.7,1.9,2.3,2.4,2.4,1.5,1.4,2.5,1.6,1.3,1.5,1.9,1.8,2.7,1.4,1.1,2.5,1.7,End User Trainer
1.6,1.6,2.2,2.2,1.5,2,1.7,1.8,2,1.4,1.7,1.1,1.6,1.6,2.2,1.7,1.9,2.7,2.9,1.2,1.3,1.7,1.9,1.5,1.2,2.5,1.5,1.3,1.9,1.6,End User Trainer
2.1,1.1,1.4,1.2,1.6,2.5,1.2,1.8,2.5,1.9,1.3,1.3,2.1,1.9,2.7,2.7,2.6,1.1,1.5,1.1,1.5,1.7,1.5,1.8,1.5,1.8,1.7,1.1,2.3,1.3,End User Trainer
1.7,1.4,2.1,2.8,1.4,2.6,1.3,1.4,2.6,1.9,1.8,1.5,1.7,1.1,2.3,2.2,1.9,1.6,1.3,1.6,1.6,1.8,1.5,1.1,1.5,1.9,2,1.2,2.7,1.2,End User Trainer
1.1,1.7,2.6,1.1,1.7,2.3,1.3,1.1,2.3,1.3,1.5,2.7,1.1,1.4,2.4,2.9,1.5,2.7,2.6,1.6,1.2,1.3,1.3,1.7,1.4,1.1,1.1,1.3,2.2,1.3,End User Trainer
2.7,1.9,1.3,2.2,1.8,1.7,1.5,1.3,1.7,1.6,1.8,1.2,2.7,1.8,2.4,2,2.6,1.1,2.9,2.6,1.4,1.5,1.5,1.5,1.9,1.8,1.3,1.6,1.6,1.1,End User Trainer
2.2,1.3,1.6,1.1,1.6,1.5,1.5,1.3,1.5,1.9,1.3,1.5,2.2,1.4,1.5,1.7,1.3,1.8,1.8,2.2,1.5,1.3,1,1.7,1.3,1.2,1.6,1.6,2.3,1.6,End User Trainer
2.7,1.6,1.2,2.1,1.5,2.6,1.3,1.9,2.6,1.8,1.8,2.2,2.7,1.7,1.1,2.9,1.4,2.8,2.3,1.4,1.7,1.3,1.5,1.7,1.9,2.3,1.3,1.5,2.3,1.6,End User Trainer
2.8,1.1,2.7,2,1.7,1.7,1.9,1.6,1.7,1.3,1.7,2.8,2.8,1.3,2.9,1.8,2.8,1.2,2.4,2.8,1.1,1.8,1.6,1.3,1.8,1.1,1.8,1.5,2,2,End User Trainer
2.7,1.1,2.5,2.4,1.1,2,1.9,1.5,2,1.7,1.9,1.7,2.7,1.3,2.2,1.8,1.7,1.2,1.7,2.4,1.8,1.9,1.1,1.7,1.5,1.1,1.8,1.5,2.2,2,End User Trainer
2.6,1.3,1.9,2.1,1.6,1.4,1.5,1.4,1.4,1.5,1.8,2.3,2.6,1.8,1.1,1.3,2.5,1.5,2.3,2.6,1.2,1.9,1.3,1.1,1.7,1.6,1,1.3,1,1.5,End User Trainer
2.1,1.2,1.7,1.7,1.2,2.2,1.4,1.9,2.2,1.7,1.3,2.6,2.1,1.3,1.7,2.5,1.8,1.1,2.6,2.5,1.7,1.3,1.2,1.6,1.7,2.7,1.6,1.5,1.8,1.3,End User Trainer
1.9,1.1,2.5,1.8,1.7,1.8,1.4,1.6,1.8,1.4,1.2,2.2,1.9,1.8,2.7,1.7,1.6,2.9,2.8,2.5,1.9,1.7,1.8,1.4,1.7,1.2,1.3,1.9,2.6,1.2,End User Trainer
1.9,1.9,1.9,1.4,1.7,2.4,1.7,1.9,2.3,2.3,1.3,1.6,1.7,1.6,2.4,2.6,2.3,2.4,1.7,2.5,1.5,1.2,1.6,1.2,1.4,2.7,1.7,1.3,1.1,1.2,End User Trainer
2.3,1.1,2.3,2.1,1.4,2.7,1.3,1.2,1.5,2.9,1.8,2.3,1.6,1.2,1.2,2.8,1.4,1.5,1.1,2.8,1.1,1,1.3,1.3,1.7,2.2,1.7,1.9,1.2,1.9,End User Trainer
1.7,1.1,2.8,2.3,1.5,2.6,1.6,1.2,1.8,1.9,1.9,1.1,2.1,1.5,1.8,2.2,2.4,1.1,1.5,2,1.5,1.4,1.5,1,1.7,1.7,1.6,1.9,1.9,1.7,End User Trainer
1.3,1.5,2.2,1.3,1.1,2.4,1.5,1.4,2.1,2.7,1.6,2.1,2.6,1.5,1.2,1.8,1.7,1.3,2.1,2.2,1.9,1,1.1,2,1.9,2.8,1.9,1.6,2.6,2,End User Trainer
2.1,1.9,2.3,2.2,1.5,1.5,1.6,1.1,2.8,1.8,1.8,1.7,1.7,1.9,2.7,2.1,2,1.9,2.8,1.9,1.1,1.6,1.3,1,1.5,1.7,1.9,1.3,1.6,1.5,End User Trainer
2.9,1.3,1.8,2.3,1.5,1.5,1.3,1.9,2.7,2.8,1.9,2.5,2.5,1.8,2.7,1.2,1.5,1.4,1.2,2.6,1.8,1.3,1.1,1.6,1.5,2.4,1,1.7,2.7,1.3,End User Trainer
2.2,1.7,1.5,1.2,1.8,1.6,1.1,1.1,2.4,2.6,1.9,2,1.9,1.3,1.5,2.4,2.6,1.9,2.6,2.8,1.1,1.5,1.6,1.7,1.4,2.8,1.5,1,1.5,1.3,End User Trainer
1.9,1.3,1.6,2.5,1.4,2.5,1.7,1.2,2.7,1.9,1.9,1.2,1.5,1.6,2.3,1.4,2.9,1.8,2.2,1.2,1.4,1.7,1.7,1.5,1.9,1,1.3,1.1,2.8,1.3,End User Trainer
2.8,1.7,1.8,1.7,1.5,1.2,1.5,1.9,2.6,1.3,1.3,1.8,1.7,1.9,2.3,1.9,1.7,1.8,2.5,2.3,1.9,1.9,1.5,1.3,1.5,1.9,1.2,1.4,2,1.1,End User Trainer
1.1,1.7,1.6,2.3,1.8,1.5,1.9,1.7,2.7,1.9,1.1,2.9,2.6,1.4,1.3,1.7,2.1,1.7,2.9,2.2,1.9,1.9,1.4,1.6,1.8,1.9,1.1,2,1.2,1.2,End User Trainer
2.3,1.7,2.1,1.1,1.9,2.3,1.6,1.1,1.6,2.7,1.1,2.6,2.1,1.9,1.9,1.1,2.5,2.2,2.7,1.5,1.3,1.8,1.2,1.2,1.9,1.9,1.5,1.1,1.5,1.5,End User Trainer
1.3,1.7,2.5,1.4,1.1,2.1,1.8,1.9,1.5,1.2,1.9,1.7,1.6,1.6,1.8,1.7,2.3,2.5,2.7,1.4,1.6,1.6,1.9,1.8,2,1.1,1.7,1.4,2.1,2,End User Trainer
2.7,1.2,2.6,1.5,1.7,2.2,1.5,1.6,2,2.6,1.8,2.5,1.1,1.3,2.4,1.2,2.2,2.6,1.7,1.1,1.9,1.4,1.9,1.5,1.2,1.4,1.1,1.2,1.5,1.6,End User Trainer
2.1,1.7,1.5,1.8,1.3,2.9,1.8,1.9,1.5,2.7,1.2,1.3,1.9,1.3,2.7,2.8,2.2,1.8,1.8,1.8,1.8,1.5,1.4,1.4,1.6,1.9,1.1,1.8,1.9,1.7,End User Trainer
1.8,1.2,2.5,2.9,1.6,1.2,1.1,1.6,2.4,1.1,1.9,2.9,1.9,1.4,1.1,2.3,1.5,2.1,2.1,1.7,1.3,1,2,1.8,1.8,1.7,1.3,1.2,2.5,1.4,End User Trainer
2.9,1.4,1.2,1.5,1.4,1.5,1.6,1.9,2,1.9,1.3,2.4,2.1,1.8,2.6,2,2.9,2.2,2.9,2.5,1.7,1.7,1.4,1.5,1.4,2.4,1.2,1.5,2.9,1.5,End User Trainer
2.4,1.3,2.1,1.3,1.2,2.8,1.3,1.1,2.3,1.8,1.6,1.1,2.7,1.5,2.3,2.5,1.1,2.3,2.1,1.9,1.5,1.6,1.5,1.9,1.9,1.3,1.2,1.2,1.8,1.9,End User Trainer
1.1,1.1,2,2.1,1.1,1.2,1.2,1.5,2.6,1.7,1.3,2.6,2.2,1.8,2,1.6,2.7,1.5,1.6,2.6,1.7,1.6,1.2,1.4,1.2,2.8,1.2,1.3,1.9,1.2,End User Trainer
1.8,1.7,2.7,2.7,1.7,2.5,1.9,1.1,1.9,1.5,1.7,1.5,2.5,1.6,2.2,2.7,1.9,2.3,2.3,2.1,1.4,1.6,1.9,1.3,1.5,1.4,1.8,1.9,2.2,1.3,End User Trainer
2.4,1.3,2.7,2.9,1.8,2.2,1.2,2,1.2,2,1.3,1.6,1.2,1.2,1.7,1.1,1.5,1.8,2.5,2.2,2,1.5,1.1,1.9,1.2,2.4,1.3,1.1,1.6,1,End User Trainer
2.8,1.6,1.1,1.7,1.2,2.2,2,1.7,1.4,2.5,1.6,1.5,1.8,1.6,1.1,2.5,2.5,2.3,2.5,1.2,1.9,1.3,1.3,1.8,1.8,2.5,1.5,1.4,1.5,1.8,End User Trainer
1.1,2.2,2.7,1.2,1.2,1.6,1.2,1.5,2.1,1.4,2.7,2.6,1.7,2,1.6,1.3,2.3,2.8,1.9,1.2,1.3,2,1.5,1.3,1.2,2.9,2.7,2.3,1.7,1.4,Documentation Specialist
1.1,1.7,1.5,1.1,1.4,2.4,1.7,1.7,2.8,1.3,1.3,1.9,1.2,2.4,1.8,1.5,1.7,2.4,1.4,2.4,2.4,1.7,2,1.1,2.7,1,2.8,1.2,2.4,1.2,Documentation Specialist
1.8,2.1,2.3,1.9,1.5,2.8,1.8,1.1,1.7,1.2,2.5,2.9,1.1,2.6,1.5,2.9,2.1,1.8,1.9,2.9,1.9,1.3,1.3,2.5,2.4,1.5,1,1.6,2.1,1.8,Documentation Specialist
1.7,2.8,1.9,1.5,1.9,2.3,1.3,1.6,2,1.7,1.8,2.1,2.7,1.5,1.1,1.1,2.5,1.3,1,1.5,2.2,1.7,2.3,1.6,1.6,2.1,2.6,2.1,2.1,1.8,Documentation Specialist
1.7,1.9,2.6,1.1,1.1,2.5,1.2,1.8,2.1,1.5,2.5,1.7,1.2,2.9,1.1,2.2,1.5,2.9,1.4,1.8,1.8,1.7,1.5,2.1,1,1.6,1.6,2.1,2.2,1.7,Documentation Specialist
1.6,2.1,1.1,1.5,1.5,1.1,1.1,1.8,1.6,1.9,1.1,2.4,2,1.8,1.8,2.6,2.9,1.9,1.7,2.6,2.9,1.9,2.3,2,1.9,1.7,2.5,1.9,2.1,1.1,Documentation Specialist
1.1,1.3,1.4,1.7,1.3,1.8,1.7,1.3,2.9,1.7,1.3,2.8,2.1,2.8,1.1,1.2,1.8,1.2,1.9,2.4,1.9,1.8,1.4,2.9,1.3,2.3,1.3,2.2,1.1,1.5,Documentation Specialist
1.6,2.3,2.8,1.8,1.9,1.6,1.8,1.5,1.5,1.8,2.2,1.4,2.3,2.2,1.9,1.5,1.1,2.6,1.2,2,2,1,2.2,1.2,2.4,1.1,2.2,1.7,2,1.3,Documentation Specialist
1.2,2.3,2.1,1.1,1.9,2.3,1.2,1.3,1.2,1.3,2.7,2.5,2.9,2.1,1.4,2.2,2.7,1.4,1.2,2.8,2.7,1,2.9,1.5,1.6,1.7,2.4,2.5,2,1.3,Documentation Specialist
1.3,2.5,2.4,1.9,1.4,1.2,1.3,1.6,2.5,1.7,2.4,1.5,1.5,2.8,1.2,1.7,1.5,1.2,1.2,2.6,2.2,1.8,1.7,1.1,1.2,1.4,1.6,1.8,1.4,2,Documentation Specialist
1.1,2.2,1.2,1.3,1.7,2,1.6,1.6,2.8,1.2,2.5,1.2,2.4,1.4,1.7,1.3,1.3,2.9,1.3,1.3,2.2,1.6,1.9,1.8,1.4,2.6,1.4,1.4,1.1,1.1,Documentation Specialist
1.7,2.5,1.7,1.9,1.3,1.1,1.6,1.9,2.5,1.5,2.6,1.1,2.2,2.9,1.7,1.9,2.6,1.3,1.9,2.5,1.6,1.2,1.7,2.3,2.5,2.5,2.2,1.2,2.3,1.9,Documentation Specialist
1.9,2.9,2.9,1.7,1.9,1.9,1.1,1.4,2.6,1.8,2.5,2.2,1.6,2.5,1.5,1.3,2.9,2.6,1.7,1.1,1.2,1.4,2.1,1.5,2.7,1.1,1.6,2.8,2.5,1.6,Documentation Specialist
1.6,2.6,2.5,1.9,1.8,2.3,1.7,1.7,2,1.7,1.7,2,1.6,1.5,1.9,2.3,1.7,2.3,1.5,1.7,1.7,1.1,2.8,1.8,1.9,1.7,2.9,2.6,1.9,1.4,Documentation Specialist
1.9,1.5,1.9,1.8,1.5,1.6,1.6,1.5,2.6,1.9,2.3,2.9,1.2,2.1,1.3,1.8,1.1,1.8,1.5,1.4,1.6,1.7,2.7,1.4,1.5,1.8,1.7,1.2,2.7,1.3,Documentation Specialist
1.8,1.2,2.1,1.7,1.8,1.5,1.9,1.9,1.7,1.1,2.2,2.5,1.7,1.1,1.3,1.4,2.5,2.5,1.7,2.7,2.5,1.9,1.5,1.3,2.6,1.5,1.2,2.6,2.1,1.2,Documentation Specialist
1.2,2.7,1.4,1.6,1.1,2.7,1.6,1.7,2.7,1.1,2.9,1.9,1.6,2.2,1.3,2,1.4,2.2,1.1,2.5,2.9,1.1,1.2,1.8,2.9,1.7,1.1,2.3,2.6,1.4,Documentation Specialist
1.3,2.3,1.1,1.2,1.7,1.8,1.4,1.8,2.6,1.1,1.8,2.3,2.5,1.6,1.1,2.6,1.5,2.3,1.9,1.9,1.6,1.8,2.3,2.3,1.4,1.8,1.4,1.7,1.2,1.9,Documentation Specialist
1.5,2.2,1.3,1.2,1.1,1.8,1.6,1.6,2.4,1.2,2.2,1.1,1.7,2.8,1.5,2.2,2.2,1.7,1.2,1.7,2.9,1.1,2.1,2.2,2.8,2,1.7,2,2.6,2,Documentation Specialist
1.2,2.1,1.5,1.4,1.6,1.6,1.7,1.6,2.3,1.8,2.6,1.8,1.9,2.7,1.1,2.1,2.2,2.7,1.1,1.6,1.3,1.6,1.9,1.1,2.7,1.5,1.7,2.2,1.3,1,Documentation Specialist
1.6,2.9,1.3,1.3,1.3,2.8,1.8,1.7,1.8,1.4,1.5,1.3,1.5,1.9,1.4,1.6,1.7,1.3,1.8,1.5,1.8,1.7,2.8,2.7,1.8,1.9,2.1,2.1,1.6,1.2,Documentation Specialist
1.7,2.6,2.3,1.3,1.4,1.4,1.8,1.3,1.7,1.4,2.3,1.1,2.6,2,1.9,2.3,1.9,2.2,1.4,2.9,2.2,1.9,1.4,2.7,1.7,2.6,1.2,2.6,2.1,1.6,Documentation Specialist
1.1,1.5,1.5,1.5,1.7,2.6,1.4,1.3,2.2,1.6,1.7,2.3,2,2.1,1.9,2.9,1.2,2.1,1.7,2,2.4,1.1,1.3,1.6,1.2,2.2,1.1,2.4,1.2,1.8,Documentation Specialist
1.8,2.5,2.7,1.6,1.8,1.2,1.3,1.9,1.5,1.9,1.3,2.7,2.1,1.5,1.3,1.5,2.9,1.4,1.7,2.7,2.1,1.6,2.1,1.4,2.8,1.9,1.8,1.3,1.8,1.4,Documentation Specialist
1.8,1.3,1.3,1.6,1.6,1.9,1.5,1.4,2.7,1.7,2.1,2.5,1.5,1.4,1.4,2.5,1.8,1.9,1.4,1.8,2.9,1.3,1.2,2.9,1.9,2.3,2.7,2.5,1.7,1.6,Documentation Specialist
1.3,1.8,1.8,1.1,1.9,1.3,1.3,1.5,2,1.7,2.8,2,1.7,2.3,1.1,2.3,2.6,2.3,1.8,2.5,2.7,1.4,2.1,1.2,1,1.2,2,2.1,2.5,1.1,Documentation Specialist
1.1,2.3,1.6,1.1,1.5,2.1,1.6,1.5,1.9,1.6,2.4,1.9,2.3,2.3,1.2,2.7,2.2,2.8,1.2,2.2,1.6,1.5,1,1.9,2.5,2.1,1.4,2.5,1.9,1.2,Documentation Specialist
1.9,1.9,1.8,1.5,1.8,1.1,1.1,1.4,1.5,1.1,2.1,2.5,2.4,1.8,1.2,2.5,1.7,1.5,1.7,2.9,1.4,1.1,2.7,1.8,2.7,2.7,1.3,1.4,2.4,1.2,Documentation Specialist
1.9,2.7,1.1,1.5,1.5,2.1,1.7,1.6,2.6,1.9,1.2,2.4,1.2,2.8,1.3,1.8,2.3,2.9,1.5,2.8,1.4,1.4,2.2,1.1,1.8,1.7,1.7,1.9,1.5,1.3,Documentation Specialist
1.6,2.8,2.3,1.9,1.2,1.7,1.9,1.4,1.5,1.4,2.3,1.4,1.5,2.2,1.8,1.3,1.6,1.9,1.4,2.1,2,1.2,2,2.1,2.6,2.8,2.8,2.8,1.6,1.2,Documentation Specialist
1.5,1.3,2.1,1.7,1.2,2.4,1.6,1.1,1.6,1.2,1.5,1.1,1.8,1.4,1.7,2.1,2.2,1.2,1.1,1.3,1.5,1.7,2.7,2.5,1.1,2.7,1.8,2.7,2.8,2,Documentation Specialist
1.4,1.9,1.5,1.2,1.1,1.4,1.2,1.7,1.7,1.9,2.8,1.1,2.4,2.7,1.2,1.1,2.4,2.5,1.8,1.5,2.8,1.5,2.8,2.4,1.5,1.8,1,1.2,1.6,1.7,Documentation Specialist
1.2,1.4,2.8,1.1,1.5,2.3,1.9,1.3,2.5,1.5,1.1,1.7,2.6,2.4,1.3,1.4,2.6,2.1,1.4,1.9,2.9,1.2,2.5,2.1,2.6,1.5,1.8,2.2,1.1,1.3,Documentation Specialist
1.6,1.8,1.8,1.9,1.4,2.7,1.9,1.1,2.7,1.7,1.4,1.9,2.5,2.2,1.4,1.9,2.7,2.8,1.9,2.2,2.6,2,2,2.8,2.1,2.1,2.2,2,1.9,1.4,Documentation Specialist
1.6,2,2.3,1.9,1.7,1.8,1.9,1.1,2.8,1.9,2.2,1.3,2.5,2.2,1.1,1.8,1.9,2.7,1.9,2.5,2.4,1.7,1.7,2.7,2.7,1.6,1.2,1.1,1.6,1.7,Documentation Specialist
1.4,2.5,2.4,1.5,1.3,1.3,1.7,1.4,1.9,1.5,1.9,2.2,1.6,2.6,1.7,1.9,1.9,1.9,1.8,2.7,2.4,1.1,1.5,1.4,1.9,1.7,1.5,2.6,1.2,1.7,Documentation Specialist
1.9,1.3,2.6,1.3,1.5,2.7,1.9,1.6,2.2,1.9,1.8,2.8,1.1,1.8,1.3,1.7,2.5,1.1,1.2,2.6,1.4,1.5,2.8,1,2.1,1.5,2.6,2.6,2.6,1.7,Documentation Specialist
1.4,2.7,1.9,1.9,1.2,1.2,1.4,1.5,1.9,1.1,1.9,2.4,2.7,1.3,1.8,2.5,1.2,2.4,1.5,2.9,1.6,1.9,2.2,1,2.1,1.5,2.6,2.4,1.8,1.2,Documentation Specialist
2,2.9,1.4,1.4,1.8,2.8,1.8,2,2.4,1.5,2.9,1.8,2.1,1.3,1.4,2,2.1,1.4,2,1.4,2.7,1.5,2.4,1.4,1.2,2.3,2.2,2.7,2.2,1.2,Documentation Specialist
1.8,2.6,2,1.2,1.4,2.9,1.9,1.7,1.4,1.7,2.7,2.2,2.9,1.8,1.2,1.5,2.9,2,1.7,2,1.6,1.9,2.1,1.1,2.4,2.8,2.8,2.1,1.3,1,Documentation Specialist
1.6,2.2,2.7,2.4,1.1,1.8,2.3,1.5,1.4,1.4,1.3,2.1,2.1,2.7,2.9,1.9,1.2,2.1,1.6,2,1.9,2.7,1.3,1.6,2.8,1.7,2.2,2.8,2,2.5,Quality Assurance Specialist
1.9,2.8,1.8,2.1,1.9,1.4,1.5,1.4,2.8,1.5,1.7,2.8,1.4,2.5,2.5,1.3,1.4,1.9,1.1,2.4,1.9,2.3,1.3,2.6,2,2.8,1.6,2.8,2,2.1,Quality Assurance Specialist
1.2,1.3,2.6,1.7,1.5,1.9,1.8,1.3,2.5,1.1,1.1,2.9,2.4,1.2,2.7,1.2,1.9,1.2,1.5,1.2,1.5,2.6,1.5,1.4,2.2,2.1,1.5,1.7,1.8,2.2,Quality Assurance Specialist
1.2,2,2,2.7,1.8,1.7,1.2,1.1,2.1,1.9,1.9,2.2,1.5,1.4,1.4,1.7,1.4,2.5,1.1,2.8,1.6,1.9,1.3,2.7,1.5,1.7,1.2,1.4,1,1.2,Quality Assurance Specialist
2.1,1.1,2.5,2.5,1.5,1.7,2.5,1.9,2.1,1.2,1.2,1.6,2.2,1.8,2.3,1.7,1.7,1.3,1.6,2.2,1.5,1.9,1.4,1.6,1.8,2.8,2.9,2,1.2,2,Quality Assurance Specialist
1.5,2.3,1.4,1.4,1.1,1.7,2.3,1.5,2.8,1.4,1.6,2.5,2.5,1.2,2.2,1.5,1.6,2.5,1.1,2.3,1.5,1.3,1.8,1.9,2.7,2.2,2.8,2.8,2,2.5,Quality Assurance Specialist
2.7,1.8,2.2,2.9,1.6,1.4,2.6,1.5,1.5,1.9,1.5,2.2,2.9,2.6,1.2,1.3,1.9,1.6,2.6,1.3,1.9,1.8,1.3,2.5,1.4,2.7,1.5,2.7,1.7,2.4,Quality Assurance Specialist
2.5,2.1,1.3,1.9,1.2,1.8,2.8,1.2,2,1.1,1.2,1.9,2.6,1.3,2.5,1.7,1.9,2.9,1.5,1.7,1.4,2.7,2,2,1.7,2.3,2.9,2.8,1.9,1.7,Quality Assurance Specialist
1.7,1.5,2.9,2.1,1.3,1.6,2.7,1.4,2.9,1.7,1.8,1.3,1.7,1.7,2.3,1.5,1.9,2.3,2,2.3,1.3,1.4,1.9,1.2,1.9,2.2,1.1,2.4,1.9,1.3,Quality Assurance Specialist
2,2.3,1.8,2.8,1.9,1.7,2.9,1.4,2.2,1.5,1.9,2.7,2.2,2.7,1.9,1.5,1.8,2.2,2.5,1.7,1.5,1.5,1.5,2.6,1.5,1.8,1.7,1.3,1.5,2.1,Quality Assurance Specialist
2.3,2.7,2.3,1.9,1.3,1.8,1.2,1.3,1.2,1.9,1.3,1.4,2,1.8,2.6,1.6,1.9,1.7,1.7,1.4,1.7,2,1.3,2.2,1.9,1.1,1.6,2.2,1.2,1.3,Quality Assurance Specialist
2.3,2.3,1.9,2.5,1.7,1.3,1.6,1.9,2.1,1.3,1.7,2,1.4,2.2,2.7,1.5,1.6,1.2,2.9,2.9,1.5,1.1,1.4,2.2,1,2.7,2.8,1.3,1.8,1.9,Quality Assurance Specialist
2.5,1.5,2.3,2.2,1.4,1.4,1.3,1.2,2.9,1.1,1.4,2.5,2.9,1.2,1.1,1.9,1.6,1.8,2.9,2.1,1.6,1.2,1.8,1.8,1,2.5,1.9,2.8,1,1.9,Quality Assurance Specialist
2.1,2.7,1.7,1.3,1.6,1.9,2.4,1.3,2.2,1.3,1.5,2.7,1.3,2,1.5,1.6,1.3,1.8,2.1,1.1,1.2,2.9,1.2,2.3,2.8,1.5,2.9,1.3,1.1,1.2,Quality Assurance Specialist
1.9,2.2,1.3,1.9,1.1,1.4,1.9,1.1,1.9,1.9,1.6,1.7,2.7,2.6,2.5,1.6,1.9,2.7,2,2.6,1.3,1.9,1,2.7,1.8,2,2.3,2.2,1.5,2.2,Quality Assurance Specialist
1.7,2.7,2.8,1.8,1.9,1.6,1.3,1.5,2.1,1.8,1.4,2.2,2.4,2,1.8,1.5,1.3,2.4,2.6,2.2,1.5,2.7,1.3,2,2,1.8,2.4,1.1,1.7,1.7,Quality Assurance Specialist
2.9,2.4,1.2,2.3,1.5,1.3,2.6,1.7,1.2,1.9,1.1,2.1,1.3,1.5,2.5,1.6,1.5,2,2,2.2,1.9,2.1,1.4,1.5,1.4,1.4,1.5,2.1,1.5,1.8,Quality Assurance Specialist
1.7,1.9,1.7,2.5,1.4,1.1,1.7,1.9,2.7,1.5,1.8,2.9,1.5,1.2,2.1,1.9,1.9,2.9,2.7,1.5,1.4,2.7,1.6,1,2.4,1.9,2.8,2.3,1.8,2.3,Quality Assurance Specialist
2.3,1.7,1.8,1.3,1.3,1.5,1.8,1.2,2.6,1.9,1.7,2.2,1.2,2.7,2.9,1.4,1.1,2.3,1.3,1.3,1.7,1.4,1.9,1.3,2.5,2.3,2,1.5,1.4,2.4,Quality Assurance Specialist
2.5,1.1,1.7,2.8,1.1,1.1,2.6,1.3,1.2,1.3,1.3,2.7,2.3,2.5,2.7,1.1,1.8,2.9,2.1,2.5,1.1,1.1,1,1.5,2.5,2.4,1.6,1.9,1.4,1.5,Quality Assurance Specialist
1.6,2.2,2.3,2,1.7,1.6,1.6,1.2,1.2,1.8,1.6,2.6,2.5,2.9,1.3,1.7,1.8,2.4,2.9,1.4,1.5,1.2,1.9,2.1,2.6,2.7,2.3,1.5,1.5,1.9,Quality Assurance Specialist
2.8,1.4,2.8,1.5,1.1,1.9,2.8,1.2,2.6,1.1,1.9,1.7,2.6,2.4,1.4,1.1,1.6,2.1,2.3,1.6,1.5,2.4,1,1.4,1.7,1.9,2.4,1.5,1.9,2.7,Quality Assurance Specialist
2.2,2.1,2.7,2.4,1.1,1.9,1.3,1,2.9,1.3,1.3,2.6,2.7,1.2,2.1,1.2,1.2,2.9,1.2,1.2,1.8,2.9,2,1.9,2.1,2.6,2.4,1.9,1.1,1.4,Quality Assurance Specialist
1.6,2.2,1.7,2.7,1.8,1.7,2.6,1.8,1.2,1.5,1.7,2.2,1.4,2.6,1.7,1.7,1.7,1.4,1.8,2.7,1.9,1.1,1.6,1.9,2.4,2.7,2,1.3,1.4,2.8,Quality Assurance Specialist
1.1,1.9,2.4,2.4,1.8,1.1,2.9,1.6,1.5,1.6,1.4,1.3,1.1,1.8,1.2,1.5,1.5,1.7,2.2,2.3,1.5,2.6,1.3,2.4,1.4,1.7,1.9,1.9,1.8,2.7,Quality Assurance Specialist
1.5,2.7,1.9,1.9,1.1,1.4,2.6,1.5,2.7,1.7,1.5,1.6,1.9,2.3,2.1,1.3,1.7,1.6,2.8,1.4,1.7,1.7,1.1,1.2,1.1,2.5,2.1,2.1,1.2,1.6,Quality Assurance Specialist
2.4,2.6,2.4,1.5,1.9,1.8,2.8,1.8,2,1.2,1.9,2.7,1.6,1.7,1.3,1.6,1.8,1.5,1.6,1.6,1.6,1.9,1.4,2.1,1.6,1,1.2,1.8,1.2,2.6,Quality Assurance Specialist
2.4,1.6,2.7,1.4,1.9,1.1,1.5,1.1,2.3,1.1,1.5,2.6,2.7,2.1,2.4,1.6,1.9,1.1,2.1,2.5,1.2,1.6,1.9,2.2,1.3,1.3,1.2,1.1,1.7,2.4,Quality Assurance Specialist
1.7,2.9,2.3,2,1.9,1.4,1.6,1.4,2.2,1.3,1.4,1.4,1.8,2.3,2.7,1.8,1.3,2,2.6,2.7,1.4,1.4,1.1,2.5,1.9,1.8,1.3,1.9,1.9,1.5,Quality Assurance Specialist
2.6,1.6,1.5,1.2,1.8,1.4,1.1,1.6,2.2,1.1,1.9,1.1,2.4,1.5,2,1.4,1.5,2.7,1.9,2.1,1.1,2,1.1,2.8,1.5,2.2,2.6,2.1,1.7,2.4,Quality Assurance Specialist
2,1.4,1.8,2.7,1.7,1.3,1.3,1.4,2,1.6,1.5,2.6,2.5,2.6,2.3,1.2,1.4,2.1,1.6,2.5,1.9,1.8,1.3,2.3,2.8,2.2,1.3,1.3,1.2,1.5,Quality Assurance Specialist
2.1,1.2,2.1,1.1,1.9,1.9,2.5,1.5,1.7,1.4,1.6,1.7,1.8,1.8,1.2,1.2,1.5,2.4,2.5,2.9,1.7,1.6,1.9,2.7,1.5,2.6,2.6,2.8,1.1,2.1,Quality Assurance Specialist
1.7,2.7,2.6,2.9,1.1,1.2,1.5,1.9,1.2,1.7,1.6,2.2,1.2,2,2.1,1.4,1.5,2.2,2.7,2,1.9,2.6,1.6,1.3,1.6,1.2,1.9,1.1,1.1,1.6,Quality Assurance Specialist
1.6,2,1.4,1.1,1.5,1.3,2.6,1.3,2.9,1.2,1.8,1.7,2.4,2.3,2.4,1.1,1.8,2.8,2,1.1,1.1,2.2,1.2,1.6,1.4,2,2,1.3,1.6,1.5,Quality Assurance Specialist
1.4,2.4,2,2.6,1.4,1.1,1.8,1.4,2.8,1.5,1.3,1.9,2.6,1.5,2.8,1.9,1.5,1.5,2.9,1.5,1.1,2.5,2,1.4,2.1,1.7,1.9,1.3,1.3,2.1,Quality Assurance Specialist
1.8,2.6,1.2,1.4,1.7,1.2,1.3,1.1,2,1.8,1.1,1.7,1.9,2.4,1.5,1.3,1.5,2.3,2.1,2.2,1.8,1.3,1.3,1.3,1,1.3,1.7,2.1,2,2.9,Quality Assurance Specialist
2.7,2.1,1.4,2.5,1.7,1.2,2.9,1.7,2.7,1.6,1.5,1.2,2.3,1.2,1.9,1.2,1.9,2.1,1.5,1.5,1.5,1,2,1.1,2.2,2.6,2.5,1.6,1.1,1.5,Quality Assurance Specialist
1.9,1.8,2.5,2.9,1.5,1.4,2.1,1.9,1.4,1.4,1.4,1.3,2,1.9,1.8,1.8,1.6,1.1,1.7,1.9,1.8,1,1.5,1.2,1.6,2.2,1.5,1.1,1.5,2.7,Quality Assurance Specialist
2.2,2.9,2.9,1.5,1.6,1.9,2.9,1.1,2.7,1.7,1.5,2.6,2.5,2.5,2.1,1.1,1.9,2.8,2.4,2.2,1.2,1.2,1.2,1.5,1.5,2.7,1.9,2.1,1.1,1.3,Quality Assurance Specialist
2.3,2.1,1.7,2.6,1.2,1.7,2.2,1.8,2.5,1.9,1.8,2.3,1.9,1.8,1.6,1.5,1.7,1.8,2.8,2.5,1.4,2.7,1.1,1.9,2,2.4,1.3,1.3,1.6,2.3,Quality Assurance Specialist